"user_uuid","Sommeil__mean","Fatigue__mean","Confort.corporel__mean","Moral__mean","Stress__mean","Douleur__mean","Sommeil__median"
"004ad02ed98241ba966c50db7374b00b",0.625809476494185,-0.909753691420584,0.732903735193345,-0.506476674095757,0.880349348528146,-0.181589870710481,0.268072289156627
"004f975923fc44fe814e22e3f6141225",-0.930111576137394,0.278842799807486,0.119965138702117,-0.547046849534354,0.809077418703584,0.650646971394782,-0.731927710843373
"00f3f1616f97419b8d681e73ec3169e4",0.194888423862606,-0.908657200192514,0.307465138702117,-0.0157968495343539,-0.128422581296416,-0.443103028605218,-0.731927710843373
"016632705d2743fb96d91e3ac8171a2f",0.819888423862606,0.903842799807486,-0.255034861297883,-0.484546849534354,1.43407741870358,1.40064697139478,0.768072289156627
"01afc039d46a44f1a8e67d2399eb69cd",1.68595985243403,-1.87115720019251,1.21460799584497,1.26545315046565,-1.39985115272499,-3.31542445717665,2.26807228915663
"026663636db847078e23f4440ce4ec9e",1.25738842386261,-0.471157200192514,0.557465138702117,0.979738864751361,0.514434561560727,0.427432685680496,1.26807228915663
"02aa6863c2bb4e26a5d2f41439562475",-2.0503038838297,-0.240387969423283,-0.057919476682498,1.72699161200411,-1.08996104283488,-1.05608379783599,-1.73192771084337
"03331052eb074252b5ecde1b3e7acbcc",2.75738842386261,-0.304490533525847,1.55746513870212,3.59878648379898,0.038244085370251,0.713146971394782,3.76807228915663
"03b487dd9d9649baa0a83b6a0172450d",0.157388423862606,-0.271157200192514,1.05746513870212,1.16545315046565,-0.928422581296416,-1.18685302860522,-0.231927710843373
"03cdf75e8d8a45288967f62ecc735d87",4.08717565790516,-5.02434868955422,1.30214598976595,2.26545315046565,-3.86246513448791,-1.88259770945628,4.26807228915663
"0488192581c44d5191c50b26872d5f48",0.857388423862606,-0.671157200192514,1.25746513870212,0.765453150465646,0.371577418703584,0.413146971394782,0.768072289156627
"04c475b1daf8434bb96a9894c3ad43ea",-1.71629578666371,0.423579641912749,-0.310955913929462,-0.0240205337448804,-0.312633107612205,-0.655274081236797,-1.73192771084337
"062089b1ed8a4b8f8f9e691b0985f506",-0.389670399666806,-0.000568964898396196,-0.324887802474354,0.0889825622303517,-0.922540228355239,-0.228029499193454,-0.731927710843373
"062ef565678b42f3b71d8b43c22d3c3b",3.79738842386261,-5.13115720019251,4.11746513870212,3.54545315046565,-3.60842258129642,-4.68685302860522,4.26807228915663
"06787c3d2928407ca12ffe580c5a2baf",1.30616891166748,-2.54432793189983,1.99648952894602,1.26545315046565,-2.21378843495495,-1.67709693104424,1.26807228915663
"0781a37b012f474caeed0ab08ed0996e",-2.32594490947073,1.61217613314082,-0.692534861297883,-0.151213516201021,-0.295089247963083,1.04648030472811,-2.73192771084337
"07d45c45e9054e2384c8b1cf50d85261",1.84359532041433,-1.40219168295113,1.14367203525384,1.95510832287944,-2.55945706405504,-2.63168061481211,2.26807228915663
"07e6ac603bc94ee69b3e2db3dc63fe8e",-0.462611576137394,0.288842799807486,-2.52253486129788,1.46545315046565,0.451577418703584,0.233146971394781,-0.731927710843373
"07f6ef1fdb5349908057e41fd54bae74",-2.02832586185168,0.385985656950343,-0.585392004155026,-1.30597542096293,0.371577418703584,-0.00113874289093285,-1.73192771084337
"09b6c63b91a340949ee7e4dc82d0a05b",-0.474318893210564,0.309330604685535,-0.198632422273493,-1.68576636172948,2.73743107724017,1.27412258115088,-0.731927710843373
"09c1b7c9b67f421a8db19e5f346fce5c",-1.90927824280406,0.806620577585264,-1.94253486129788,-1.34565796064546,1.37157741870358,1.71314697139478,-2.73192771084337
"09e8ad8c7a234b54814e2a4f6c6dbc96",-0.801435105549158,0.528842799807486,-1.20724074365082,2.05957079752447,-3.71665787541406,1.27197050080655,-1.73192771084337
"0a6494b4cfe34a5caa37e0472be00c20",2.31988842386261,-2.65865720019251,2.39079847203545,1.97378648379898,-2.50342258129642,-2.12018636193855,2.26807228915663
"0ab53098d35c4c42b01c3af49145c721",0.00738842386260607,-1.22115720019251,0.14079847203545,0.182119817132313,-0.128422581296416,-3.95351969527188,0.268072289156627
"0b6448fe5ae641a1b0452de6b01fd187",0.257388423862606,0.754649251420389,-2.66834131291079,-2.31519201082468,3.11351290257455,0.842179229459298,0.268072289156627
"0c23ddb1966d4401b8daee47f486c261",-0.0503038838297014,-0.259618738654052,-1.32715024591327,-0.946085311072816,-4.43611488898872,2.67468543293324,0.268072289156627
"0ca326c346194f82af156e739ce78674",1.61032960033319,-1.85351014136898,0.528053373996235,0.118394326936234,0.81275388929182,-0.55155891095816,1.76807228915663
"0cfd7dfee1a54d509d5f40d5aac11b4c",2.51664768312187,-2.39708312611844,3.37227995351693,3.26545315046565,-0.961755914629749,-3.28685302860522,3.26807228915663
"0d504ee590464a1e8f410d8d672c6236",0.697388423862606,0.508842799807486,-0.182534861297883,0.105453150465646,1.27157741870358,-0.486853028605219,1.26807228915663
"0d636ebe3b764350aa5faf3569aa264f",-0.833520667046485,0.710660981625668,0.557465138702117,2.53818042319292,-0.810240763114598,0.894965153212963,-0.731927710843373
"0efc2b31ca0f48e9846d78bcfe548420",0.234661151135334,0.256115527080214,0.875646956883935,0.0836349686474644,1.07612287324904,0.417692425940236,0.268072289156627
"0f054886366448c2956c5af770551c81",4.25738842386261,-0.614014343049657,3.8431794244164,2.97973886475136,-2.77127972415356,-4.28685302860522,4.26807228915663
"0f6be66f04ae40d7b1a00c9d7121ff54",-1.06079339431921,1.66520643617112,-0.715262134025156,-1.41636503135254,0.871577418703584,1.48587424412205,-1.73192771084337
"0f8229ab2f454454a5e4c7dae24de3a0",-2.88546871899454,-0.7568714859068,-2.87110628986931,-2.59168970667721,0.943005990132155,2.14171839996621,-2.73192771084337
"0fb527f911fd461eab7a724e5b37f3df",1.25738842386261,0.470019270395722,-1.73665250835671,-0.0286644965931773,-1.1578343460023,1.24255873610066,2.26807228915663
"10177e0fb2c04b0790166b093bf6af71",2.65738842386261,-0.671157200192514,1.55746513870212,1.06545315046565,-3.42842258129642,0.313146971394781,2.26807228915663
"101c1fa687aa4585acef9f52744f12d9",-1.45689729042311,1.2431285140932,-1.58539200415503,-3.02026113524864,1.65729170441787,0.14171839996621,-1.73192771084337
"10ddcb9d6ed044babcbcafb1cc967e13",-0.117611576137394,0.153842799807486,0.182465138702117,-1.10954684953435,1.49657741870358,0.213146971394782,-0.731927710843373
"12d7704d528049d2842745bad4851941",-0.0283258618516795,1.67169994266463,-0.871106289869311,0.979738864751361,0.943005990132155,0.427432685680496,0.268072289156627
"1322948166584732a04ecad18eeba874",-1.08876542229124,0.874996645961332,-1.51945793822096,-1.38839300338051,1.75619280331897,1.05930081754863,-0.731927710843373
"1365474a0ac64a7d9a0bd8938bd190af",-2.09975443328025,0.981223752188439,-0.49015390891693,1.78926267427517,-1.15223210510594,-0.453519695271885,-1.73192771084337
"13d85b46042f4985a790b2a6c0d842aa",-0.367611576137394,0.653842799807486,-1.31753486129788,-3.35954684953435,-1.75342258129642,-2.66185302860522,-0.731927710843373
"13e3145c4d44408792ca2e8535fbd4f9",2.42812013117968,-2.54432793189983,3.11844074845821,1.24106290656321,-0.799154288613489,-0.555145711532048,2.26807228915663
"13f5ae9081794a3aae293b494aa704bd",-2.17118300470882,-0.7568714859068,-0.728249147012169,0.408310293322789,-0.628422581296416,-0.429710171462362,-2.73192771084337
"140146f3dcb24b20ac0559b2d25884f7",0.857388423862606,2.12884279980749,0.357465138702117,-3.33454684953435,4.37157741870358,-0.686853028605219,1.26807228915663
"1568fa4c71484501947384bd0ab095a3",1.89375206022624,1.3470246179893,0.648374229611208,-0.189092304079808,0.00794105506722076,1.16769242594024,2.26807228915663
"1658428a08a749dcb51dde41af4d2863",-1.04261157613739,2.17884279980749,-0.242534861297883,-1.33454684953435,0.171577418703584,-0.0868530286052183,-0.731927710843373
"166760280352498dbb37b33175804d11",-0.665688499214317,0.374996645961332,-0.211765630528652,-1.04223915722666,1.67926972639589,0.328531586779397,-0.731927710843373
"167459f9aab34b0abca5699bf561416c",-1.45094490947073,1.02884279980749,-0.23420152796455,-1.56788018286769,2.24657741870358,1.96314697139478,-1.73192771084337
"1718fcaccef64fac8c242bffbd49b69d",-3.26642109994692,2.50503327599796,-2.29967771844074,-2.35359446858197,3.25252979965597,2.23695649520431,-3.73192771084337
"179ea6b1d0b4487b9b5eb1cd099cf1e4",-0.742611576137394,1.07050946647415,0.349131805368784,-0.0262135162010209,-1.08675591462975,-2.32851969527188,-0.731927710843373
"18118485de8c41c0abcab2770af3184b",1.45738842386261,-0.471157200192514,1.15746513870212,0.465453150465646,-1.02842258129642,0.513146971394781,2.26807228915663
"190d4f18410b401999c2a576e1843be7",4.05738842386261,-3.37115720019251,2.70746513870212,2.26545315046565,-2.87842258129642,-3.28685302860522,4.26807228915663
"1953d4f34d3141208349850e8d9dd161",0.257388423862606,0.528842799807486,-2.14253486129788,-0.534546849534354,-0.628422581296416,1.61314697139478,0.268072289156627
"1953d5b08cd441c5b3fa6f94384c01e4",-2.74261157613739,2.92884279980749,-2.44253486129788,-2.93454684953435,2.37157741870358,2.11314697139478,-2.73192771084337
"1983e25784a844fcbcf89870b4c4a5db",-2.90927824280406,2.52884279980749,-2.10920152796455,-1.23454684953435,2.53824408537025,2.21314697139478,-2.73192771084337
"1a209adaa0884f44b7a282d6b971a7ec",0.893752060226243,0.98338825435294,-1.44253486129788,1.94727133228383,-1.94660439947823,1.57678333503114,2.26807228915663
"1b2280b4c21d42f49786746d8f15ee51",-0.242611576137394,1.02884279980749,-0.442534861297883,-0.734546849534354,-0.628422581296416,0.0464803047281146,0.268072289156627
"1b2a41f225e34aaab26c7fb6ff797af8",-1.24261157613739,0.457414228378915,-0.371106289869312,-1.66311827810578,1.5858631329893,0.14171839996621,-1.73192771084337
"1bb8389405d7472b962f6260b3011430",-1.31404014756597,1.45741422837891,-0.371106289869312,2.26545315046565,-0.199851152724987,0.856004114251925,-1.73192771084337
"1bcf8924c9bb426fa3c3850723353226",-2.02832586185168,0.814557085521772,-1.44253486129788,-2.09168970667721,0.300148847275013,0.64171839996621,-1.73192771084337
"1bfd8072e5cd4540ad2eb57595f9c7d3",0.934807778701316,-1.7937378453538,1.17036836450857,0.168678956917259,0.145770967090681,-2.67394980279877,1.26807228915663
"1cfad02e82db4b0d991a3bc2093812c7",-1.96483379835962,1.30662057758526,-2.10920152796455,-1.1789912939788,2.03824408537025,1.60203586028367,-2.73192771084337
"1d98f60cb66844d088d32be8e53347f8",-0.0203893539151716,1.08439835536304,-0.386979305742328,-0.790102405089909,-1.0173114701853,-1.064630806383,-0.731927710843373
"1e3ced2cf9a2400daf8095eb2250a876",-0.992611576137394,-0.700323866859181,-0.42170152796455,1.84878648379898,-2.02425591462975,0.879813638061449,-1.73192771084337
"1e7e94688fdb4b208579edab44ffe4c0",-0.742611576137394,-2.10752083655615,-0.260716679479701,2.99272587773837,-2.08296803584187,-1.01412575587795,-0.731927710843373
"1f09bae3ab2b4c85b88287efbfe98d03",2.54310270957689,-2.89972862876394,1.74794132917831,1.74164362665612,-1.77127972415356,-1.85828160003379,2.26807228915663
"1f0a6615ff54468da50f443723ad0956",-2.47594490947073,1.79550946647415,-0.975868194631216,-0.401213516201021,-0.895089247963083,0.513146971394781,-2.73192771084337
"1f6bf63367ed4a868f9ea2eb2f1118e7",2.12531295216449,-3.20700625679629,1.44425759153231,0.0201701315977214,-1.17559239261717,-2.72081529275616,3.26807228915663
"1fa048fd1548443593f7fe1024f8fc33",-1.14261157613739,2.19550946647415,-1.57586819463122,-0.934546849534354,-2.22842258129642,2.17981363806145,-2.73192771084337
"209dd0236a7a417b8d85476eff18eb26",-0.075944909470727,-0.137823866859181,0.807465138702117,-0.651213516201021,1.62157741870358,0.296480304728115,0.268072289156627
"20bfab0c331c46e89e6050ceec9f8de0",0.0945977261881872,1.04047070678423,-0.396023233390906,-1.78105847744133,1.97622858149428,-0.240341400698242,0.268072289156627
"2193837c7aa04f9eb9138603873908ee",0.449696116170299,-1.50961873865405,0.903618984855963,-0.696085311072816,0.256192803318969,-0.0176222593744493,0.268072289156627
"21ce6c2d96ba4952905d3ca6b4db71da",-0.575944909470727,-2.30449053352585,1.05746513870212,1.59878648379898,-0.461755914629749,-1.45351969527189,-1.23192771084337
"21cf3dace6024da3a41120702bd9363f",-3.57594490947073,3.52884279980749,-2.10920152796455,-2.56788018286769,5.03824408537025,-0.786853028605218,-3.73192771084337
"228d714bc3f94fee95af0d37bdbeb6f1",-0.767001820039833,-1.10530354165593,0.99648952894602,1.31423363827052,-0.921105508125684,-1.89660912616619,-0.731927710843373
"232a404bc25347e59a9e0cd12d3a9cdb",-0.846059851999463,-0.643570993295962,-0.235638309573745,-1.32075374608608,0.406060177324274,1.09245731622237,-0.731927710843373
"23d62cd2f9a64461ab994ab2bbe65dbb",0.553684720158903,-0.693379422414736,0.631539212776191,2.33952722453972,-2.77657072944456,-0.546112287864478,0.268072289156627
"24d74c49c2274900b473293812aa2611",3.05738842386261,0.995509466474153,0.557465138702117,-2.06788018286769,4.23824408537025,-1.62018636193855,5.26807228915663
"255aae4dc2034b159c8e3cc37509c5da",-0.647373480899299,0.290747561712248,0.89079847203545,0.860691245703741,1.10967265679882,-0.0249482667004566,-0.731927710843373
"256b45b469244a57a8380f70c912a34f",0.857388423862606,0.128842799807486,-0.642534861297883,-1.53454684953435,0.171577418703584,-0.486853028605219,1.26807228915663
"25b61a34dbc14743850539089f665c12",-1.45689729042311,0.814557085521772,-2.58539200415503,-1.8774039923915,1.37157741870358,1.57028982853764,-1.73192771084337
"25c1b707a8dd42c0937515ad05bc27a2",-1.09975443328025,1.67169994266463,2.70032228155926,3.26545315046565,-0.485565438439273,0.784575542823353,-0.731927710843373
"25c626d9c6674e6f8fe11a3b41ae92bf",0.0573884238626059,-0.315601644636958,0.00190958314656164,0.154342039354535,-0.806200359074194,-1.62018636193855,0.268072289156627
"25d54fc88f2241e2abcd6d3406175d1f",-2.40927824280406,1.41773168869638,-1.77586819463122,2.8210087060212,-2.07286702574086,1.71314697139478,-2.73192771084337
"260ba5d302c44c58bda362a8360e5ff6",-0.227460060985878,0.710660981625668,0.284737865974845,-0.946668061655566,1.25036529749146,0.50102575927357,-0.731927710843373
"26d0843119c24722ba94278f72aa3e76",0.507388423862606,1.02884279980749,0.057465138702117,-0.359546849534354,2.87157741870358,0.213146971394782,0.268072289156627
"26e2eacf273a44649fb52552d21f02b1",0.00738842386260607,1.36217613314082,-1.60920152796455,3.09878648379898,-2.04508924796308,1.04648030472811,0.268072289156627
"279f1bfcdae74e948751d83b7770b6b4",-2.65927824280406,2.86217613314082,-1.69253486129788,-1.90121351620102,1.95491075203692,2.71314697139478,-3.23192771084337
"280b9b55e21d40e684c62d638059cf12",-0.430111576137394,0.0288427998074861,-0.567534861297883,-2.17204684953435,1.68407741870358,-2.53685302860522,-0.731927710843373
"2835ad74a9854d188d3b28359076a105",-0.534278242804061,1.19550946647415,0.474131805368784,0.265453150465646,0.621577418703584,-0.661853028605218,-0.731927710843373
"28c4cfd3311749f080cc1cf7bae88af9",-0.599754433280251,2.10027137123606,-2.1568205755836,0.694024579037075,-0.199851152724987,2.28457554282335,-0.731927710843373
"28fb7a7dcb6b4a82b31915523f83bbf6",1.46028697458724,-2.54362096830846,0.948769486528204,1.39588793307434,-1.3965385233254,-0.91004143440232,2.26807228915663
"2ab5cc2454ae4aa29e371e1ee54ba110",-0.37164383420191,-0.374383006644127,0.299400622573085,-0.976482333405322,1.01673870902617,-0.0771756092503795,-0.731927710843373
"2aff7bc2c05a4eb199b552d2fe171105",-3.24261157613739,3.02884279980749,-2.85920152796455,-3.23454684953435,4.45491075203692,3.04648030472812,-4.23192771084337
"2b026552926d4406bf2ceb781e15404d",-0.90927824280406,0.362176133140819,-0.942534861297883,-1.06788018286769,-1.29508924796308,-0.286853028605218,-1.23192771084337
"2b243c64327a41d68cc646b7c136ec33",-2.24261157613739,1.77884279980749,-1.19253486129788,-1.35954684953435,3.62157741870358,1.71314697139478,-2.23192771084337
"2b91d20850a44d54a7e52dcafbfdb919",-1.14261157613739,1.52884279980749,-0.642534861297883,-1.53454684953435,1.77157741870358,0.313146971394781,-0.731927710843373
"2b9452e1ddc94db79d9aefb24e8dfefb",0.602216010069503,-1.22977788984769,1.50574100077108,1.11028073667254,-0.973250167503312,-0.235128890674184,0.268072289156627
"2bd28223106041ab8c647c61c73a57cd",-2.34261157613739,2.52884279980749,-2.64253486129788,-2.93454684953435,2.77157741870358,1.11314697139478,-2.73192771084337
"2c4eafcc8f254713a127285585b082a4",0.0573884238626059,-0.604490533525848,0.557465138702117,0.39878648379898,-0.495089247963082,-1.55351969527189,-0.731927710843373
"2c5fb5268eec49e1ae139f5d6219cca1",-0.798167131692949,1.97328724425193,-0.886979305742328,-0.567880182867687,-0.239533692407527,1.54648030472811,-0.731927710843373
"2cc4e914795d459594edac8a59d1ff63",1.25738842386261,-0.471157200192514,1.95746513870212,-0.134546849534354,1.77157741870358,0.913146971394782,0.268072289156627
"2d393e49f2a04b52b4bc56838d4a8e0c",0.0755702420444244,-0.198429927465241,-0.169807588570611,0.356362241374737,-0.446604399478234,1.71314697139478,0.268072289156627
"2d8a7bed68c3437c9cf3c7243ca718c7",-0.075944909470727,1.02884279980749,0.557465138702117,-1.40121351620102,0.371577418703584,-0.453519695271885,0.268072289156627
"2dcfc4dae4a048ba8b43c6fd5b6c7675",-2.17118300470882,0.671699942664629,0.986036567273546,1.97973886475136,-2.34270829558213,0.856004114251925,-1.73192771084337
"2ecc8983fd254e6084614a2b8d5b6940",0.610329600333194,1.41119574098396,-0.14841721423906,1.26545315046565,-2.09901081659053,-0.875088322722865,1.26807228915663
"2f39a4ab60f44d34bf646ca5a7c23a4c",1.3482975147717,-1.19842992746524,1.55746513870212,1.26545315046565,-1.44660439947823,-2.92321666496885,1.26807228915663
"2faf0383870346209aae30ca208cc17b",1.86012814989,-2.81362295361717,2.05061582363362,1.97778191758893,-1.75171025252929,-1.64301741216686,2.26807228915663
"2fc3ab560f3f490ea2d57606e87b4bde",-0.992611576137394,1.77884279980749,-0.942534861297883,-2.35954684953435,2.37157741870358,1.46314697139478,-0.731927710843373
"303eb041251c4f56bb59a15bdf33e299",-1.91404014756597,0.957414228378915,-0.29967771844074,0.00831029332278899,0.85729170441787,0.74171839996621,-2.73192771084337
"3045eb45592842bd833898071e32abbc",-0.575944909470727,0.862176133140819,1.05746513870212,-1.06788018286769,1.53824408537025,2.21314697139478,-1.23192771084337
"306d9187a689496b80381373f6025151",-1.71483379835962,0.973287244251931,-1.24809041685344,-0.651213516201021,0.954910752036917,1.685369193617,-1.73192771084337
"312fab661b284c42afc1b6ebc60e6a2e",-0.342611576137394,-1.17115720019251,-0.142534861297883,0.165453150465646,-0.928422581296416,-0.986853028605219,-0.731927710843373
"3163c28187694dcaa90be2abefcbba1b",-1.14261157613739,1.92884279980749,-0.242534861297883,0.865453150465646,-2.22842258129642,1.71314697139478,-1.73192771084337
"3173db7b93fa4c009a1d7268719db612",1.4338590120979,-1.35351014136898,1.26334749164329,0.500747268112705,-1.33430493423759,-3.05155891095816,2.26807228915663
"32215fe3287c4b8fa1487dd1741cb852",4.57405509052927,-3.03782386685918,4.20746513870212,3.54878648379898,-3.34508924796308,-2.20351969527189,5.26807228915663
"32317bbe0e4a46dbb966e88173350fd2",3.16436516804865,-1.63394789786693,0.859790720097465,2.33522059232611,-4.34935281385456,-0.426387912326149,3.26807228915663
"32611e10bd2d4e70a1d59c0c8bd94469",-2.67118300470882,1.60027137123606,-2.37110628986931,-3.73454684953435,3.22872027584644,1.4274326856805,-2.73192771084337
"3270bde402ec475eadf403695d5eeed6",1.25738842386261,2.02884279980749,0.257465138702117,0.0654531504656459,1.07157741870358,0.813146971394781,1.26807228915663
"329839eda51b4c979a2c32f534ba5586",-0.555111576137394,1.77884279980749,-0.255034861297883,0.827953150465646,3.43407741870358,1.15064697139478,-1.73192771084337
"32b31e4afb80478fbe03296916533d55",-0.586361576137394,0.497592799807486,-0.630034861297883,1.45295315046565,-1.97217258129642,0.806896971394782,-0.731927710843373
"32e9301a001e483fafc22d862267c2b9",1.66555168916873,-1.89972862876394,1.02685289380416,0.51035110964932,-0.199851152724987,-1.30726119187052,2.26807228915663
"330534eb694f4b33ae792f49f244847b",-3.14261157613739,1.32884279980749,-0.642534861297883,0.465453150465646,0.571577418703584,0.713146971394782,-2.73192771084337
"3313b3a0d24c4cebafcadf8c87e07547",1.67118152731088,-0.488398579502859,1.31608582835729,2.12752211598289,-2.36980189164124,-0.579956476881081,2.26807228915663
"33b1418129944001b8da31d0badf3111",0.882388423862606,-1.51282386685918,-0.04670152796455,-1.13038018286769,2.37157741870358,1.56731363806145,1.26807228915663
"33fb765f08b3415b9f8c98e75cdc8bce",1.80738842386261,2.17884279980749,-1.04253486129788,-1.23454684953435,2.82157741870358,1.76314697139478,2.26807228915663
"3459b606cdd445b6b6029c776fd9c648",-0.742611576137394,1.62884279980749,-0.942534861297883,-1.93454684953435,2.07157741870358,0.413146971394782,-0.731927710843373
"34de5f7ce3584ddb81ce7a54bab3a8de",1.27326143973562,0.0843983553630414,0.224131805368784,-0.178991293978799,2.40332345044962,0.840131098378909,1.26807228915663
"34ee917bbb8e40c5b49f9514aec71160",4.02209430621555,-0.824098376663102,1.086876903408,1.85368844458329,-3.56959905188465,0.242558736100664,4.26807228915663
"35149c833431421aaf2ceb857b7e9cb4",-2.09745028581481,0.786907315936518,-0.345760667749496,2.36222734401403,-2.56390645226416,-0.770723996347153,-1.73192771084337
"35420938c8054378a114689a39b58c8e",-1.07594490947073,0.528842799807486,1.22413180536878,-0.401213516201021,0.704910752036917,0.0464803047281146,-0.731927710843373
"35f291f2ef134350ada58be4b28eb993",-2.88546871899454,2.67169994266463,-1.87110628986931,-4.16311827810578,4.65729170441787,2.28457554282335,-2.73192771084337
"35f7a5bb5a0c4d32893e62d44b70560c",-2.60468054165464,1.11504969635921,-1.30460382681512,-3.21730547022401,2.26812914284151,1.3338366265672,-2.73192771084337
"3604433955c84f9292c2b74867b7994a",4.10738842386261,-0.721157200192514,0.057465138702117,3.01545315046565,-3.87842258129642,-0.636853028605218,5.26807228915663
"361d40365ef64dd0a7b2a713be7fb526",-2.74261157613739,1.52884279980749,-0.775868194631216,-2.40121351620102,2.53824408537025,-0.286853028605218,-2.23192771084337
"362569757e364e9e85a4f5d1905e8216",-3.34261157613739,2.42884279980749,-1.04253486129788,-3.63454684953435,4.37157741870358,2.11314697139478,-3.73192771084337
"36311f4b62554c0799b08084463403fa",-0.599754433280251,-0.0425857716210851,-0.442534861297883,-1.30597542096293,-0.914136867010702,0.427432685680496,-0.731927710843373
"36a80eee180f4ed1b286c99782826459",-3.31404014756597,3.52884279980749,-3.01396343272645,-2.73454684953435,5.37157741870358,3.57028982853764,-4.73192771084337
"373fc2ead4d4469b94f10dc4ab13dd96",0.790721757195939,-0.604490533525848,0.757465138702117,-0.667880182867687,-0.628422581296416,0.179813638061448,0.268072289156627
"37678ae9c36445938b40a89d51a35b4c",0.718926885401068,1.91345818442287,0.172849754086732,-1.11916223414974,1.91003895716512,1.17468543293324,1.26807228915663
"3862b93da1e144068fa17fcbe5515fae",-0.867611576137394,2.77884279980749,-0.192534861297883,-1.35954684953435,-0.378422581296416,-2.03685302860522,-0.731927710843373
"387348ff844243a2b0cd1416073fae4b",-2.34261157613739,2.32884279980749,-1.24253486129788,-0.534546849534354,1.57157741870358,1.51314697139478,-2.73192771084337
"3886b508a8574aa2bf9539a214273cd6",0.386420681927122,-1.08406042599897,0.170368364508569,-0.86357910759887,1.11351290257455,-0.54491754473425,0.268072289156627
"390aec2a8462466eb57d8dbd9f85e3cd",-0.742611576137394,1.52884279980749,-0.0139634327264542,-0.0202611352486395,0.943005990132155,0.998861257109067,-0.731927710843373
"391c5104f2094e12a1b9b9a6d9579521",3.25738842386261,-0.804490533525847,1.22413180536878,0.39878648379898,-3.09508924796308,-3.35351969527189,3.26807228915663
"395bca39afa5461cbe8af507a197c58b",3.31861291365852,-2.34870822060068,2.04726105706946,2.36749396679218,-2.79168788741887,-2.81746527350318,3.26807228915663
"397960aeb8344763b99371b259bcf24b",-0.0503038838297014,-0.625003354038668,-1.13484255360558,-0.503777618765123,0.371577418703584,1.40545466370247,0.268072289156627
"39abf828f605498bb2e49065561cad88",-0.742611576137394,0.278842799807486,-0.692534861297883,-0.151213516201021,0.371577418703584,-1.87018636193855,-1.23192771084337
"3a492fede50546c19cdee6212984339d",2.59072175719594,0.139953910918597,0.446354027591006,-0.956769071756576,0.260466307592473,0.0464803047281146,3.26807228915663
"3a93a84158724e3897d16db29e538a9a",-2.57594490947073,-0.971157200192514,-0.775868194631216,-2.23454684953435,0.204910752036917,-0.286853028605218,-2.73192771084337
"3ac3807c31f64c4aa8820868239db007",0.392523558997741,0.691004961969648,0.368275949512928,0.589777474789971,0.0472530943792595,0.0915253497731596,0.268072289156627
"3b36228acbe740f0a865e5badfc0ff7c",3.12225328872747,-2.79548152451684,1.09800567924266,-0.464276579264084,0.533739580865746,-2.23279897455116,3.26807228915663
"3c86583f1e8742b7b64d1ab373850fc6",-1.61761157613739,1.77884279980749,-2.31753486129788,-0.234546849534354,0.246577418703584,1.08814697139478,-2.73192771084337
"3d23a1b1f3334184b44f69db20b3d2bf",-1.34261157613739,-1.27115720019251,-0.0425348612978826,0.265453150465646,0.571577418703584,-0.686853028605219,-1.73192771084337
"3d95db1d29854c4dab65229acecca5cb",-0.599754433280251,0.957414228378915,0.986036567273546,-1.16311827810578,0.800148847275013,2.28457554282335,-0.731927710843373
"3dbf85c34d494367bf8bec0e893bbe86",1.94488842386261,-1.03365720019251,0.869965138702117,0.890453150465646,-1.81592258129642,-1.47435302860522,2.26807228915663
"3dc263516a354847b440eb7cca12d336",-1.74261157613739,2.92884279980749,-0.442534861297883,-0.734546849534354,1.97157741870358,2.71314697139478,-1.73192771084337
"3dc9f28f898241ebae3c78bf8439abca",-1.53922174562892,1.2068089015024,-1.91711113248432,2.07901247249954,-1.86571071688964,2.08602832732699,-1.73192771084337
"3dd5d6c394cd4029ba200b7314db4749",1.25738842386261,0.328842799807486,0.757465138702117,-0.334546849534354,1.97157741870358,-0.0868530286052183,2.26807228915663
"3dffdc9d25f14696ad34610d0876b905",3.91592500922846,-4.22725476116812,2.94770904114114,2.9239897358315,-4.09183721544276,-3.70148717494668,4.26807228915663
"3e0e37b5963a4457874b19b3466f0449",-1.40927824280406,1.86217613314082,-1.77586819463122,-1.23454684953435,0.038244085370251,1.87981363806145,-1.73192771084337
"3e237ac91c06435fa2c5cd5aacd6e56d",1.36849953497372,-1.53782386685918,0.468576249813228,-0.0456579606454648,-0.917311470185305,1.60203586028367,1.26807228915663
"3e340237f0744c569a77f9c97ecbb339",-0.742611576137394,-1.13782386685918,0.224131805368784,0.932119817132313,-1.29508924796308,-0.120186361938551,-0.731927710843373
"3ed0e0d455974515997be4642d87ae11",-1.94261157613739,0.328842799807486,-2.64253486129788,1.66545315046565,0.171577418703584,1.31314697139478,-1.73192771084337
"3efc1ac5cce441a3b63cd03c6e77ce60",0.565080731554914,-1.04808027711559,0.134388215625194,0.496222381234877,-0.743807196681031,-0.709929951682142,0.268072289156627
"3f16ed6d1b364de2988af15bd6a3d6b9",2.12580947649418,-1.78694667387672,2.47851777028106,2.87071630836038,-2.57579100234905,-2.55001092334206,3.26807228915663
"3f1c1c8bf38e4e22ab27d11541f2324b",-0.314040147565965,1.61455708552177,-1.5568205755836,-1.02026113524864,0.485863132989298,0.827432685680495,0.268072289156627
"3f90d055687545328941379e2f67774d",-0.242611576137394,0.728842799807486,1.25746513870212,0.0654531504656459,-1.92842258129642,0.513146971394781,-0.231927710843373
"3fb9ca3db6fe4a5f94ce72da727aedc3",0.152125265967869,0.476211220860118,-0.389903282350515,-0.471388954797511,-0.944212054980627,1.02893644507899,0.268072289156627
"3fc08536b4774d00a7686328e88767a7",-0.651702485228303,0.119751890716577,-0.0561712249342463,-0.00727412226162638,1.00794105506722,-1.01412575587795,-0.731927710843373
"3fc63aa2448a4506af5930690b14c15c",-1.74261157613739,1.92884279980749,0.557465138702117,-2.13454684953435,3.77157741870358,0.113146971394782,-2.73192771084337
"407e3bc42fde48bd83659c5f18029748",0.0431027095768917,-0.0425857716210851,1.12889371013069,1.19402457903707,-1.05699400986784,-0.85828160003379,0.268072289156627
"43329e3df91d4156b8c99ce095887f4f",-3.71136157613739,3.02884279980749,-3.13003486129788,-1.17204684953435,0.527827418703584,3.27564697139478,-4.73192771084337
"43486ed88b2643779b9419bae1061046",1.10354227001645,0.528842799807486,1.09592667716366,0.880837765850261,-1.32073027360411,0.482377740625551,1.26807228915663
"4352cc5178b049d0ba2f3575a94f4843",-2.14261157613739,0.528842799807486,0.357465138702117,-1.13454684953435,-0.428422581296416,0.313146971394781,-1.73192771084337
"4377d5aad1ba4d94a1b2f053d095908d",-0.992611576137394,0.403842799807486,-0.067534861297883,-1.60954684953435,1.24657741870358,-0.911853028605218,-1.23192771084337
"4378c4d431934a7992e6967cdf866805",-1.90927824280406,1.19550946647415,-0.942534861297883,-1.90121351620102,0.371577418703584,-0.286853028605218,-1.73192771084337
"43793fcd5c8141139c3bd0d2eea83cf2",0.638340804814987,0.195509466474153,-0.633011051774074,-0.639308754296259,0.65729170441787,0.475051733299543,0.268072289156627
"4388b431f5fc4ff5b1314c72f77fbb15",0.0698884238626061,-0.158657200192514,0.494965138702117,-0.838713516201021,1.26741075203692,-0.245186361938551,0.268072289156627
"438ced76ce8740f7b9d37b3cd17918ed",1.75738842386261,-1.17115720019251,0.957465138702117,1.56545315046565,-0.928422581296416,0.513146971394781,2.26807228915663
"43be72490e2d4d13a92036f9ae758860",0.0755702420444244,-2.10752083655615,0.92110150233848,-1.2800013949889,-0.446604399478234,-2.28685302860522,0.268072289156627
"4423de18dddc4e04a61f25ddcaae9775",-0.492611576137394,-0.887823866859181,0.64079847203545,-1.48454684953435,0.538244085370251,-1.03685302860522,-0.731927710843373
"44318b1f37a14437b9b23e7be26e5aa2",-0.371183004708823,-0.128300057335371,-0.071106289869312,0.208310293322789,-0.399851152724987,-1.05828160003379,-0.731927710843373
"459f909c54204db38c931f280fa94c3b",-1.9553775335842,1.82671514023302,-3.29359869108512,-1.67071706230031,1.88221571657592,3.1386788862884,-2.73192771084337
"45aadc232825481ca6ca3950fcf28d90",2.61032960033319,-3.29468661195722,2.96922984458447,2.94192373870094,-1.80489316953171,-3.02214714625228,3.26807228915663
"45af353071d048a5bf5e99f3651eb34a",-1.57594490947073,2.11217613314082,-0.10920152796455,-1.65121351620102,1.78824408537025,0.963146971394782,-2.23192771084337
"45cbd4bf440c401b8c01f75e4f1d1620",-0.137348418242657,0.318316484018013,-0.810955913929462,-0.445073165323827,0.818945839756216,0.792094339815834,-0.731927710843373
"46868525e4314083b01a68612d281bfd",-0.171183004708823,0.671699942664629,0.343179424416403,-1.30597542096293,-0.914136867010702,1.57028982853764,-0.731927710843373
"4694fb614c9e42238414ab9acc4eaf2f",2.96849953497372,-1.22671275574807,0.868576249813228,3.30989759491009,-4.00620035907419,1.02425808250589,3.26807228915663
"47462920849b46eda6dfbf7532bbb44d",0.340721757195939,-1.47115720019251,1.47413180536878,-0.567880182867687,0.788244085370251,-1.28685302860522,-0.231927710843373
"4771d94eab7e4e459565c44cd716176d",-0.853722687248505,-0.804490533525847,0.89079847203545,0.154342039354535,-0.406200359074194,-0.620186361938551,-0.731927710843373
"47dd72cdb7994f499d2cd9f845bb9712",-1.35799619152201,1.18268895365364,-0.634842553605576,-3.46531608030358,0.525423572549738,1.17468543293324,-0.731927710843373
"48262dec0ae941a7afaafeb261fb048f",1.12695364125391,0.137538451981399,0.644421660441248,0.787192280900428,-2.10668345086163,-1.9390269416487,1.26807228915663
"48bb766ae6bd474388301f046f7420e8",-0.742611576137394,-0.971157200192514,-0.60920152796455,-0.901213516201021,0.204910752036917,1.21314697139478,-0.731927710843373
"490d0b2437684374a40cf74268e8c0b6",0.78370421333629,1.42357964191275,1.55746513870212,1.05492683467617,1.31894583975622,-0.23422144965785,0.268072289156627
"496acef0c2964a03949020bf0f7fb1fe",0.824055090529273,1.02884279980749,-0.775868194631216,-1.93454684953435,-0.461755914629749,0.846480304728115,0.268072289156627
"497b016e934b4a8287927b391ccab5ec",-2.24261157613739,0.0288427998074861,-1.60920152796455,-1.40121351620102,-1.12842258129642,0.713146971394782,-2.73192771084337
"4a596cc38a5c4afc958513c6cee9b65f",0.0373884238626063,-0.151157200192514,0.297465138702117,-0.0745468495343538,0.151577418703584,-0.326853028605218,0.268072289156627
"4a8c9334234e445e91e0f26a15c936e0",-0.242611576137394,-1.13782386685918,-0.775868194631216,-2.40121351620102,3.03824408537025,-0.620186361938551,-0.731927710843373
"4aad5aad48f146a99c4dee92d50413a4",-0.687056020581839,-0.0822683113036247,0.946354027591006,1.43211981713231,-0.906200359074194,-1.12018636193855,-0.731927710843373
"4ae8a1925b86449ca2f2fe1f9a6717ff",-0.367611576137394,0.528842799807486,-0.817534861297883,-1.23454684953435,0.496577418703584,-0.786853028605218,0.268072289156627
"4b0b7f0f368549fc9261ceffb3662e69",-2.86761157613739,1.90384279980749,-0.505034861297883,-0.984546849534354,0.871577418703584,0.588146971394782,-2.73192771084337
"4cafed9831214840ab5bc34e8610c389",-0.651702485228303,0.680357951322637,-0.291019709782732,-1.49212260711011,2.34127438840055,0.197995456243266,-0.731927710843373
"4cfb637ae17646d2925c8a862c4202ac",1.25738842386261,0.362176133140819,-0.275868194631216,-0.401213516201021,1.70491075203692,-1.78685302860522,1.26807228915663
"4d055ce34b3c47c1ba244753238253fd",1.37503548268614,0.352372211572192,0.85158278576094,1.03015903281859,0.665695065762407,-1.28685302860522,1.26807228915663
"4ddfd6b1f2604bd4858d609ca553d82f",-0.781827262411904,0.724921231180035,-1.89351525345475,-2.38160567306377,2.52844016380162,1.32099010864968,-0.731927710843373
"4e071f4e15944176b113c601555ceacc",1.06589906216048,-2.32222102997975,4.64257152168084,3.39311272493373,-2.73480556001982,-3.81876792222224,0.268072289156627
"4e0b24111d2a4e318be074b0d3a71607",0.324055090529273,-2.09337942241474,2.33524291647989,1.33211981713231,-3.67286702574086,-1.13129747304966,0.268072289156627
"4e75de5b804d45be910ef38aa7b767ad",-0.492611576137394,2.27884279980749,-0.317534861297883,0.140453150465646,1.62157741870358,1.33814697139478,-0.231927710843373
"4eac09d5adde48b39272fd760432c9bf",3.00206927492644,-4.47115720019251,2.19576301104254,2.6484318738699,-3.37310343236025,-2.96770409243501,4.26807228915663
"4ec6dc41a0524508ab75e66c4ddffb81",-0.142611576137394,1.52884279980749,-1.84253486129788,-0.134546849534354,-0.628422581296416,-1.08685302860522,-0.731927710843373
"4f1c1069d7fc48a6a25da44a91be49bc",0.0907217571959391,0.306620577585264,0.0852429164798947,1.09878648379898,0.538244085370251,0.0464803047281146,-0.731927710843373
"4f563d76e54e47aebceefebc369b8c39",-1.13150046502628,-0.248934977970292,-0.35920152796455,-2.20676907175658,0.899355196481362,0.852035860283671,-0.731927710843373
"504e381e99ad462c9c23f458739d6e28",-0.342611576137394,2.32884279980749,-1.04253486129788,-1.33454684953435,0.171577418703584,1.11314697139478,-0.731927710843373
"507de3b3aecf4600b5df7aa2342d9406",0.937388423862606,-1.79115720019251,0.717465138702117,-0.454546849534354,0.131577418703584,-1.48685302860522,1.26807228915663
"508379b2842240cf9dcaf5aa6dc34039",-1.11761157613739,1.19550946647415,-1.06753486129788,-1.73454684953435,1.37157741870358,0.379813638061449,-0.731927710843373
"50e0446476f043e49d5750c9d5993523",-0.306714140239958,-0.112182841218155,-0.0322784510414724,-1.11916223414974,0.910038957165122,-2.10736584911804,0.268072289156627
"517abcd38ba44e14903ef17055fdc3ab",-0.0887654222912397,0.93268895365364,0.692080523317502,1.09237622738872,-3.10919181206565,-0.190699182451373,1.76807228915663
"5268865fb0004b89afcd1d625c363d39",-0.204150037675856,0.836535107499794,-0.057919476682498,-0.734546849534354,1.83311588024205,0.866993125240936,0.268072289156627
"52822876cdc54268bbbcd4dd1041bcc2",-1.54261157613739,-1.47115720019251,-0.0425348612978826,-0.734546849534354,1.17157741870358,-0.486853028605219,-1.73192771084337
"529147de2b3d4b8da8aa0a40c5a8127a",-0.409278242804061,0.862176133140819,0.057465138702117,2.43211981713231,-2.96175591462975,0.0464803047281146,0.268072289156627
"5317c994069f47ef8cbade4265a331c7",2.68595985243403,-1.18544291447823,3.55746513870212,1.26545315046565,-2.19985115272499,-1.5725673143195,3.26807228915663
"53b4127ae04b4c129447911d008a0483",0.83146249793668,0.399213170177856,-0.775868194631216,-1.12343573842324,1.27898482611099,0.602035860283671,0.268072289156627
"546533416f88478ab18dde0b73f48c4a",3.14200380847799,-2.66346489250021,-1.25022716899019,2.24622238123488,-2.49380719668103,2.34776235601017,3.26807228915663
"5514a84965a44a49839c05265dca24a2",-1.40927824280406,1.02884279980749,-0.60920152796455,-0.567880182867687,0.816021863148029,0.935369193617004,-1.73192771084337
"55394df6d78748888bcf04de5d0a1541",-0.342611576137394,-1.87115720019251,1.55746513870212,1.66545315046565,-1.02842258129642,-1.88685302860522,-0.731927710843373
"553b66dd272c4a58a77ea23a4e8bd46f",1.02405509052927,-0.137823866859181,-0.442534861297883,0.732119817132313,-1.89508924796308,0.0798136380614478,0.268072289156627
"55606a526be644dd9dc6988ad689f8d9",-1.49261157613739,0.903842799807486,-0.692534861297883,-1.10954684953435,2.24657741870358,1.33814697139478,-1.23192771084337
"5567e16724b74a2b89b6a104084a6487",0.328816995291177,-0.2568714859068,0.057465138702117,-0.663118278105783,0.300148847275013,-0.643995885748075,0.268072289156627
"5573659a6dcf453095789fcdf499d551",0.257388423862606,0.328842799807486,-0.642534861297883,-0.134546849534354,0.971577418703584,0.513146971394781,0.268072289156627
"566de8df950a4aa4aeca5267fdedd56a",-0.159278242804061,-1.72115720019251,-0.942534861297883,-1.98454684953435,0.871577418703584,-0.453519695271885,-0.731927710843373
"56ea661ef67b4dd7aeee9bb317e81dc7",0.819888423862606,-1.34615720019251,0.557465138702117,2.07795315046565,-1.56592258129642,-2.22435302860522,0.768072289156627
"56ecd62420ef4b26b20aa1241af789fb",3.30086668473217,0.572321060677051,0.818334703919509,1.43936619394391,-0.497987798687721,-0.460766072083479,3.26807228915663
"58990d5554044f5d87e74b69ae25384d",-1.28315211667793,1.39370766467235,-0.685778104541126,-1.46427657926408,1.91211795924412,1.36179562004343,-1.73192771084337
"58e1eba2fbac4f1b819e308c4bfed286",-1.29524315508476,1.16042174717591,-1.04779801919262,-1.52402053374488,0.161051102914111,1.16051539244741,-1.73192771084337
"598c06ecace54c479470a01ef08d96ff",0.657388423862606,-0.471157200192514,1.55746513870212,1.86545315046565,-1.22842258129642,0.513146971394781,1.26807228915663
"5a14304ca29245aebc74337c2e0bfe53",2.25738842386261,-2.47115720019251,1.55746513870212,1.26545315046565,-1.96175591462975,-1.62018636193855,2.76807228915663
"5a9388b0750145b495c46ec8a9411c0f",2.20976937624356,-2.51877624781156,1.74794132917831,1.26545315046565,-0.961755914629749,-2.19161493336712,2.26807228915663
"5aa403f0b8004a7396fea641941411bf",0.00738842386260607,0.653842799807486,-0.067534861297883,0.890453150465646,-2.25342258129642,-0.661853028605218,0.268072289156627
"5af8876f0bf94eb79eb4d3fd8b02867f",0.348297514771697,1.07429734526203,0.466556047793026,-0.2800013949889,1.46248650961267,0.440419698667509,0.268072289156627
"5b3d44b6a9874f73be1c8a90950736e0",-0.977905693784453,-1.0005689648984,-3.14841721423906,0.559570797524469,-3.92254022835524,1.77197050080655,-0.731927710843373
"5b49b05fd9524e66b05a68dff4a06cff",0.201832868307051,-0.860046089081403,0.946354027591006,-0.123435738423243,-0.683978136851971,-3.23129747304966,0.768072289156627
"5b52636e902c437dac214be2baa848a0",-0.89515394901875,-1.50505550527726,-1.83236536977246,3.29935145555039,-4.61147342875404,0.899587649360884,-0.731927710843373
"5bb1a8695475486fa2d0545d7b3afa8f",-1.17118300470882,1.95741422837891,-1.58539200415503,-2.8774039923915,3.0858631329893,1.4274326856805,-1.73192771084337
"5bc16406eb394f66a83152c75e0f9563",0.882388423862606,-1.05449053352585,-1.19253486129788,0.765453150465646,-0.878422581296416,-1.16185302860522,0.268072289156627
"5bd054266faf41a1ae2c52bd9b828150",1.82881699529118,-1.61401434304966,-0.29967771844074,-1.44883256382007,1.0858631329893,-1.14399588574808,2.26807228915663
"5dc397d6754b4a7fa075fb84a193e5de",-0.642611576137394,-0.171157200192514,0.157465138702117,-0.834546849534354,1.27157741870358,0.213146971394782,-0.231927710843373
"5e279a046bee4d55a0e3bcc486f42498",-0.197157030682848,0.165206436171123,0.830192411429389,-1.09818321317072,1.1897592368854,-1.28685302860522,-0.731927710843373
"5e725a4414754ccfb933398383a1d1fd",-2.49261157613739,-2.22115720019251,-1.00503486129788,1.82795315046565,-3.12842258129642,0.713146971394782,-2.73192771084337
"5efcc38c3b094e57942306f998f96c2a",0.676743262572283,-1.30986687761187,0.78327159031502,1.00738863433661,-2.62842258129642,-0.351369157637476,1.26807228915663
"5f02beba61fd452fbe46cb8cfb5c4edd",0.00738842386260607,-1.72115720019251,0.057465138702117,-0.609546849534354,-0.628422581296416,-1.03685302860522,-0.231927710843373
"5f4f7b14897b4fb8bb5f08a589b09590",-0.364233197759016,1.88019415115884,-0.874967293730315,-2.95076306575057,1.61482066194683,-0.800366542118732,0.268072289156627
"5f7833c6c33c46e19804e5f365560b72",1.08717565790516,-0.62009337040528,-0.974449754914904,-0.989865998470524,0.180088057001456,-0.840044517966921,1.26807228915663
"5f98ec57d7e647e1aa9d731a3335ee09",2.20024556671975,0.0716999426646288,0.786036567273546,0.179738864751361,1.00014884727501,-0.286853028605218,2.26807228915663
"6082997149ae4c259267e25cb7bd3d93",0.590721757195939,0.595509466474152,0.157465138702117,-0.867880182867688,1.70491075203692,0.246480304728115,0.268072289156627
"6102d00ca2fb4f958c1c5d011b0a0dd8",1.00738842386261,-0.846157200192514,0.39079847203545,1.49461981713231,-0.857589247963082,-0.0576863619385515,1.26807228915663
"61fdc3ad2d8e4466b7bab05eef4d6152",3.86932872237007,-4.88906764795371,0.318659168552863,2.72813971762982,-4.19558676040089,-1.18237541666492,4.26807228915663
"62707ef8399f40038d607d66871e54a9",1.47961064608483,-0.610046089081403,1.44635402759101,0.432119817132313,0.260466307592473,-0.897964139716329,2.26807228915663
"629d1c3581784bf9a8a51a44b52ca74c",0.0907217571959391,-0.762823866859181,0.307465138702117,-1.10954684953435,0.829910752036917,-0.870186361938551,0.268072289156627
"62a4a57fab5a447d9689c9038251de09",-0.456897290423108,-0.328300057335371,-1.01396343272645,-0.663118278105783,0.443005990132155,0.14171839996621,-0.731927710843373
"62efaa24204e41adb032b1aee976c243",0.157388423862606,-1.37115720019251,-0.892534861297883,0.365453150465646,-0.578422581296416,1.06314697139478,0.268072289156627
"63041092d6de4de0814866b4d779bb14",0.625809476494185,-1.20799930545567,0.820623033438959,0.0549268346761727,1.16105110291411,-0.550010923342061,0.268072289156627
"63b7e779708447dba8cda5193e1f904c",-0.742611576137394,0.528842799807486,-1.25205867082169,-2.68692780191531,1.89538694251311,0.713146971394782,-0.731927710843373
"63cc1a58012740d6b204c5952c428c1e",0.234132609909118,-0.564180456006468,0.0225814177718844,-1.29268638441807,1.23204253498265,-0.728713493721497,0.268072289156627
"63d223aff1f2443bb67bce63534db7ff",-0.075944909470727,-1.13782386685918,1.39079847203545,-0.234546849534354,-1.79508924796308,-1.95351969527189,-0.731927710843373
"64016dab29c34faeaf94887c99d89b55",3.57557024204442,-1.12267235170767,0.981707562944541,0.947271332283828,-1.93145288432672,-0.817156058908249,4.26807228915663
"64117adb8aab4a73bed7553d5dd47991",3.45738842386261,-0.271157200192514,0.557465138702117,0.465453150465646,0.471577418703584,2.36314697139478,4.26807228915663
"64fae4a8838b4812aff6c7913f3a51a1",-0.575944909470727,0.862176133140819,-0.775868194631216,-1.73454684953435,2.03824408537025,0.713146971394782,-1.23192771084337
"662d9cf7c137400595431ef6120bf981",-2.80143510554916,2.23472515274866,-2.14841721423906,-3.14631155541671,3.90098918340947,1.77197050080655,-3.73192771084337
"663e531cf7c543188e49bacd866819b1",0.0907217571959391,1.19550946647415,-0.775868194631216,-1.06788018286769,0.704910752036917,2.04648030472812,-0.231927710843373
"66e075318802471b89cbace50540fab8",-0.742611576137394,2.02884279980749,-0.242534861297883,-1.23454684953435,2.57157741870358,0.513146971394781,-0.731927710843373
"6800a8d26fbe4601a8c7d2239b15cf62",0.457388423862606,-1.87115720019251,1.55746513870212,0.665453150465646,-4.02842258129642,2.71314697139478,0.268072289156627
"6878cbffecde4c7383d35219b9bebf9c",-1.14261157613739,-2.27115720019251,-1.64253486129788,2.66545315046565,-1.82842258129642,-1.28685302860522,-1.73192771084337
"68e02bacb85d44c1b3aefaf1ee775b86",-0.382611576137394,-1.23115720019251,0.237465138702117,-1.61454684953435,1.81157741870358,-0.966853028605218,0.268072289156627
"69be1f095c484492a411f92a644c5a51",-0.298167131692949,-0.285972015007329,-0.961053379816402,1.59878648379898,-0.813607766481601,0.0464803047281146,0.268072289156627
"6a3e39b43a7d4d809ab02655263ebb78",0.685959852434035,-1.47115720019251,-0.442534861297883,1.97973886475136,-2.19985115272499,-0.715424457176647,0.268072289156627
"6ab1cad841f54bda8120c5a34de6083f",-0.242611576137394,1.15384279980749,-0.442534861297883,0.640453150465646,1.62157741870358,0.713146971394782,-0.231927710843373
"6afa3da25cc44fafa0336caceb527c5d",-1.56079339431921,0.347024617989304,0.0120105932475711,0.901816786829283,-0.537513490387325,-1.01412575587795,-0.731927710843373
"6b56b1c2b57947249e677a2571f6c476",-1.88546871899454,-1.04258577162109,1.62889371013069,2.1225960076085,-3.09270829558213,0.606004114251925,-2.23192771084337
"6b593e5a81034493a018e075c6fa16ad",-0.942611576137394,0.128842799807486,-0.142534861297883,-0.634546849534354,0.371577418703584,1.81314697139478,-0.731927710843373
"6bc1d801b7e94735a3dde876b09d3ff6",-0.117611576137394,0.966342799807486,-0.442534861297883,1.57795315046565,-1.06592258129642,1.08814697139478,0.268072289156627
"6bd01d8652384935a3a8abc1ebecc3ae",-1.18011157613739,0.403842799807486,-1.44253486129788,-3.10954684953435,-0.253422581296416,-0.224353028605218,-1.73192771084337
"6bfbb2f76b5744d49179d74fad9b5214",-0.847874734032131,2.94989543138643,-0.810955913929462,2.58124262414986,-1.1547383707701,0.976304866131624,-1.73192771084337
"6c0a36e9744a42ebbe7a9e009682d2c3",-0.171183004708823,0.2431285140932,0.557465138702117,-1.02026113524864,1.80014884727501,0.14171839996621,0.268072289156627
"6c1290b2382645a587fb3bc2438c985d",-2.40927824280406,0.195509466474153,-1.33142375018677,2.04323092824342,-2.18397813685197,0.379813638061449,-2.73192771084337
"6d7ce255b00b42828b21b4f7c86c8fe9",-0.801435105549158,-0.000568964898396196,0.380994550466823,-0.734546849534354,0.19510683046829,0.713146971394782,-0.731927710843373
"6e5a52ef484f46078337292255ac6b5e",1.77090193737612,-1.41710314613846,2.09800567924266,1.80599369100619,-1.65544960832344,-1.42198816374035,2.26807228915663
"6ebdef273c5947d592237768aadc1a05",-1.57594490947073,1.86217613314082,-0.10920152796455,-0.0678801828676869,1.20491075203692,-0.120186361938551,-1.73192771084337
"6f1cd3e449364317af64f63c38ef7c80",1.3482975147717,-0.562066291101605,0.648374229611208,-0.189092304079808,1.64430469143086,-0.286853028605218,1.26807228915663
"6f488a69e2ea4268b7ad729b6147942b",-1.59975443328025,-0.7568714859068,0.557465138702117,0.122596007608503,1.80014884727501,-2.14399588574808,-1.73192771084337
"6f6e9fdbede84d35b4a92d76218053a3",1.08091783562731,-0.647627788427808,1.43981807987859,1.32427667987741,-1.27548140482583,-0.463323616840513,1.26807228915663
"6f82beb237eb4bfeb2b3806764e35e4e",0.724055090529273,0.395509466474152,0.624131805368783,0.132119817132312,0.638244085370251,-0.153519695271885,0.268072289156627
"70063ac4acb64ab5a35a1d65b3d6c468",-0.0874391623442907,0.287463489462659,-0.649431413022021,-1.56213305643091,1.47502569456565,0.333836626567195,0.268072289156627
"7052a6b324e548ce9da6933f40024321",-0.021681343579254,1.18000559050516,-0.535558117111837,-0.129895686743656,-1.72144583711037,0.899193483022689,-0.731927710843373
"706b2f6abab14a9fbf5559a1c1038c25",-1.26435070657218,0.528842799807486,1.25311731261516,2.91762706350912,0.719403505660106,1.66966871052522,-1.73192771084337
"708836140de341c5b47a9ce1025ff507",0.779127554297388,-0.0363745914968616,1.60094339957168,-1.51715554518653,0.849838288268802,-1.80859215904,0.268072289156627
"7137ee9c3b81447c9abdfeb9612f1fd7",-2.64261157613739,1.12884279980749,1.45746513870212,-0.634546849534354,-0.0284225812964163,-1.58685302860522,-2.73192771084337
"71940ead18fb49659510652db6f95f46",0.614531281005463,-1.1616333906687,0.343179424416403,-0.663118278105783,-0.366517819391654,-2.38209112384331,0.268072289156627
"72201c7438a44c9b8ce06de21608ec87",1.63516620164038,-1.07115720019251,0.0463540275910059,0.776564261576757,-0.161755914629749,0.157591415839226,2.26807228915663
"7248f1de4d784d1b99019d90c45f0a5b",-0.0283258618516795,-1.44258577162109,0.471750852987832,0.294024579037075,-1.39985115272499,0.0560041142519241,-0.731927710843373
"725f481a02e846cfad2943d35a4f51cd",2.25738842386261,-3.47115720019251,3.44635402759101,2.8210087060212,-1.18397813685197,1.26870252695034,3.26807228915663
"72de10ab39a24b1db278d56d8d30c24d",3.05738842386261,-1.59615720019251,2.98246513870212,2.86545315046565,-2.70342258129642,-3.76185302860522,3.26807228915663
"73db08f6e93b447bbca84f0fd3aa4a7e",1.66647933295352,-1.3120662911016,0.466556047793026,1.03818042319292,-1.67387712675096,-1.30958030133249,2.26807228915663
"7432fd7b2eb04e6b91b1c189165bf4c0",-1.21319981143151,0.0876663292192505,-0.64841721423906,4.26545315046565,-4.62842258129642,0.124911677277135,-0.731927710843373
"74ea9a156f9c47e1a2028d5de0b8da9e",0.0907217571959391,-0.748934977970292,0.224131805368784,0.0987864837989791,-1.18397813685197,-0.786853028605218,-0.231927710843373
"74f3a8bcd9cc476ea8e11a24e744d40b",2.11945738937985,-1.57460547605458,0.0402237593917718,0.506832460810474,-1.07669844336538,-0.528232338950046,2.26807228915663
"74fdce78f23c4da2af0839330885cdfd",0.802842969317152,-2.74388447291979,1.64837422961121,0.7199986050111,-3.17387712675096,-3.92321666496885,0.268072289156627
"7584ac06285b41c2930f85f6f545a53b",4.33431150078568,-2.31731104634636,1.63438821562519,2.72699161200411,-2.08996104283488,0.020839279087089,4.26807228915663
"769e4abf059847c6bec1a7f99e3536c7",-0.456897290423108,0.100271371236057,0.271750852987831,-0.591689706677211,0.514434561560727,-1.00113874289093,-0.731927710843373
"7752b318704d456aae596078fa3235a4",1.68595985243403,-1.96095311855986,0.720730444824566,1.20422866066973,-2.30189196905152,1.67233064486417,2.26807228915663
"78074d1162994c7fbb78aaff6d7430db",-0.242611576137394,0.00106502202970837,0.501909583146562,-0.873435738423243,1.14935519648136,0.102035860283671,-0.231927710843373
"78813ef00514466cb4a2a4fa7d2baf7d",-1.14261157613739,-0.0711572001925136,-0.442534861297883,-2.13454684953435,-0.0284225812964163,0.513146971394781,-0.731927710843373
"78fa53cdf2d34f62a7326ef1c08ff2a0",1.75738842386261,1.15384279980749,-0.067534861297883,-0.984546849534354,2.99657741870358,1.46314697139478,2.26807228915663
"795d02add54943b99bc9d126ee651934",-2.34261157613739,-1.07115720019251,-0.242534861297883,0.265453150465646,-0.628422581296416,-0.286853028605218,-2.73192771084337
"797bb7911e324ba594940b1805e86ddf",-2.58876542229124,2.45191972288441,-0.75022716899019,0.650068535081031,1.75619280331897,2.6362238944717,-2.73192771084337
"799481393fb84b4c8a488fb0937b11d4",-1.80143510554916,2.1759016233369,-1.61900544953318,0.853688444583293,0.489224477527113,1.41902932433596,-1.73192771084337
"79dfe9d95c984591803a2ed685967922",1.75738842386261,-2.42949053352585,1.64079847203545,2.01545315046565,-1.75342258129642,0.213146971394782,2.26807228915663
"7a3c346755354242b641c4980223cf32",0.277388423862606,-1.55115720019251,-0.482534861297883,-0.214546849534354,-0.108422581296416,-0.0668530286052187,0.268072289156627
"7a3ff6e46ce0498fb8cc57ac9ec0f63e",-0.742611576137394,0.68268895365364,-0.442534861297883,-0.349931464918969,1.44850049562666,0.866993125240936,-1.73192771084337
"7a8c04061a304e32ab098870fb45f2c2",1.55738842386261,-0.871157200192514,1.85746513870212,1.86545315046565,-0.928422581296416,-1.38685302860522,2.26807228915663
"7afcb8466acb4747a9636cb46851578a",-2.35799619152201,2.16986844083313,-1.2630476818107,-0.99095710594461,-2.57714053001436,1.99519825344606,-2.73192771084337
"7ca6432fd015461da9d09ae4d54320ba",2.25738842386261,-1.47115720019251,1.59746513870212,1.78545315046565,-2.62842258129642,-0.246853028605218,3.26807228915663
"7cd85c80d5f74b829f5bb9ba2e1bfad2",-0.842611576137394,0.228842799807486,-1.24253486129788,-1.43454684953435,0.871577418703584,0.113146971394782,-0.731927710843373
"7ce6f1545a8c4530bcf89fbc5e5254be",-0.575944909470727,-1.47115720019251,-1.94253486129788,-0.401213516201021,-1.79508924796308,1.54648030472811,-0.731927710843373
"7ec8f12efaf24faea2a78b6d19e1c32f",-0.223380806906625,-0.394234123269437,-0.173304092067114,-0.8307006956882,0.660038957165122,-0.113776105528295,-0.731927710843373
"7ee11d7fc65a4ea48a2e28b59e76e304",0.984661151135334,-1.42570265473797,0.148374229611208,0.129089514102009,-0.355695308569143,-1.15048939224158,0.768072289156627
"7f2e53042157407cb0dd9d2b5eaf9057",1.45738842386261,0.728842799807486,0.757465138702117,-1.13454684953435,1.57157741870358,1.11314697139478,2.26807228915663
"7f82f13c559041ac86264ccaeb8ad276",2.97961064608483,1.47328724425193,-2.49809041685344,-2.34565796064547,-2.90620035907419,1.04648030472811,4.26807228915663
"8072d40a624b4db8b510cc8d7bce36ba",4.45738842386261,-2.27115720019251,-0.0425348612978826,1.06545315046565,-2.62842258129642,-4.08685302860522,5.26807228915663
"8097062c2b614725badc8c65122169cd",0.257388423862606,1.77884279980749,-0.317534861297883,-1.10954684953435,1.12157741870358,0.0881469713947816,-0.231927710843373
"80ace3b43bc24d9cae7d788431b3a24d",1.84359532041433,0.684015213600589,-3.49425899922892,-0.906960642637802,-1.007732926124,3.24762973001547,2.26807228915663
"81632fb1857c49119b41819d76f0f8e7",-1.04261157613739,0.0288427998074861,-0.342534861297883,-1.33454684953435,1.67157741870358,-0.386853028605218,-0.731927710843373
"81a0d0c7618f434381606c4afc90c583",1.93046534693953,-0.471157200192514,0.711311292548271,0.4192993043118,0.390808187934353,-0.536853028605218,2.76807228915663
"8280bfac2fc8405c83ac60eba4beb8db",-0.742611576137394,-0.137823866859181,-0.204439623202645,1.02735791237041,0.133482180608346,0.95124220949002,-0.731927710843373
"82a62e6bff5a47feac43e664d54556b9",-0.742611576137394,0.778842799807486,-1.31753486129788,-0.359546849534354,1.24657741870358,0.838146971394782,-1.23192771084337
"832ed6e247ed473fb41954a932f8415a",1.03516620164038,1.75106502202971,0.779687360924339,0.821008706021201,2.03824408537025,1.49092474917256,2.26807228915663
"848103378dfe4891b7d4556c0046811f",0.257388423862606,-0.871157200192514,-0.0425348612978826,-1.53454684953435,-2.22842258129642,-0.686853028605219,0.268072289156627
"84ead3f9bfed418681e9aa42d3a53a11",0.893752060226243,-1.10752083655615,1.10291968415666,-0.734546849534354,0.553395600521766,-0.695943937696128,1.26807228915663
"852bf161f56f43fb831b975d1d849f62",0.957388423862606,-1.77115720019251,-0.142534861297883,-0.834546849534354,0.271577418703584,-3.18685302860522,0.268072289156627
"85ab4d058a5e46418e050b70282db6e9",-2.94261157613739,0.328842799807486,0.557465138702117,-0.134546849534354,-0.428422581296416,-1.48685302860522,-2.73192771084337
"85d63403c9464a949748916fefb0e506",0.642003808477991,-0.163464892500206,-0.365611784374806,-0.273008387995892,0.756192803318969,-0.902237643989833,0.268072289156627
"85e9b747a1d448a6aae796e7f7a4e737",-2.40927824280406,1.86217613314082,0.224131805368784,1.09878648379898,1.37157741870358,1.21314697139478,-2.23192771084337
"86381147f57a48df903ff9400951846d",-2.14261157613739,0.128842799807486,0.957465138702117,-1.73454684953435,2.17157741870358,1.51314697139478,-1.73192771084337
"865ea4c633af40629ca8bb009a137a5a",-0.0997544332802507,-1.68544291447823,0.486036567273546,-1.16311827810578,-0.414136867010702,-2.42971017146236,-0.731927710843373
"86f2d51c2a6b47f396de8068f827b4fe",-2.51184234536816,1.75961203057672,-1.94253486129788,-1.92685454184205,3.56388511101128,2.25160850985632,-2.73192771084337
"87181a4a34384ed091291fdc33ab910f",1.69488842386261,-2.59615720019251,1.05746513870212,1.14045315046565,-1.81592258129642,-3.09935302860522,1.26807228915663
"874f2def66a8407cb4fef5d0158a2511",1.22035138682557,-1.06374979278511,0.52042810166508,-0.771583886571391,0.260466307592473,-0.397964139716329,1.26807228915663
"876399a4a742401b968e75ceda3a5f02",-0.614952001669309,0.635225778530891,1.5787417344468,1.11651698025288,-0.181614070658118,-2.07408707115841,-0.731927710843373
"87c2abe3821741d4a1dbfede37a6f9ed",1.04686210807313,0.213053326123275,0.399570401860012,0.79176893993933,-3.52315942340168,-0.813168818078903,1.26807228915663
"8944044d0ca443489d2980b3ded4089b",1.45738842386261,-1.47115720019251,1.05746513870212,0.465453150465646,0.371577418703584,-1.48685302860522,2.26807228915663
"89746ec2642e4cde823e55ec604781e3",-1.45689729042311,0.385985656950343,-0.156820575583597,-1.30597542096293,1.65729170441787,-1.14399588574808,-2.73192771084337
"8a8d0e9f3ec14ce38b77801f02464e58",-0.742611576137394,-0.0711572001925136,-1.44253486129788,-1.33454684953435,1.97157741870358,0.313146971394781,-0.731927710843373
"8a971e648bb247edbe767c46d001a3cd",0.828816995291177,0.385985656950343,2.27175085298783,2.55116743617993,-2.19985115272499,2.14171839996621,0.268072289156627
"8b2bc272920340389269eac611bf1b0d",0.479610646084828,-0.915601644636959,0.113020694257672,2.8210087060212,-3.29508924796308,-0.175741917494108,1.26807228915663
"8b628991d0a44329a1c1be3daa335d3a",1.85738842386261,2.12884279980749,2.55746513870212,-1.93454684953435,2.77157741870358,2.71314697139478,2.26807228915663
"8b72fe98cc8147d7a1082816dd951f31",0.0573884238626059,-0.571157200192514,-0.542534861297883,-2.03454684953435,0.171577418703584,0.213146971394782,-0.731927710843373
"8bbb5d7ffab843c8866c97c49b6b4cd3",2.05738842386261,-1.47115720019251,0.357465138702117,-0.784546849534354,1.07157741870358,-0.986853028605219,2.26807228915663
"8be3528b6d4b4f588a4383793f71645d",-0.617611576137394,0.278842799807486,-0.942534861297883,1.26545315046565,-0.378422581296416,-0.286853028605218,-0.731927710843373
"8c82000b4f1648f5917507b54c8f3510",-0.742611576137394,-0.0711572001925136,-1.24253486129788,0.265453150465646,-2.62842258129642,1.11314697139478,-1.73192771084337
"8cd84ba07be5477090c4f1982a385a8d",2.52209430621555,-2.47115720019251,1.38099455046682,1.677217856348,-0.893128463649357,-0.0809706756640418,3.26807228915663
"8ce27f019b5e4a4f86f652df7abe26ae",1.27326143973562,-0.645760374795689,0.732068313305292,1.18608807110057,-0.755406708280543,-0.810662552414742,1.26807228915663
"8d0e59cf41c2416baa0a53f48d76c50d",-1.34261157613739,1.12884279980749,-1.24253486129788,1.66545315046565,-0.828422581296416,0.913146971394782,-1.73192771084337
"8d7eab0ed13741fc9d29cfac394b2f94",0.295849962324144,-0.163464892500206,0.403618984855963,0.265453150465646,0.871577418703584,0.020839279087089,0.268072289156627
"8e1cea6498fa4009a2302c97302d9e3d",1.75738842386261,2.02884279980749,4.55746513870212,0.265453150465646,2.03824408537025,1.71314697139478,3.26807228915663
"8e558967e6c84741ad64604926e8264d",-0.171183004708823,0.338366609331295,-0.728249147012169,-1.59168970667721,1.51443456156073,-0.191614933367124,-0.731927710843373
"8f234319e1fd487194e356fcef1fe9db",0.701832868307051,1.75106502202971,-0.10920152796455,-2.06788018286769,3.37157741870358,1.935369193617,0.268072289156627
"8f53c2e3ab25440286fd0fd7ab5285de",-0.305111576137394,0.153842799807486,-0.380034861297883,-0.797046849534354,-1.31592258129642,-1.28685302860522,-0.731927710843373
"8fda61cb32a9453ab4c46fc3ac7a4c12",-1.29816713169295,1.75106502202971,-4.44253486129788,-2.51232462731213,3.70491075203692,1.04648030472811,-2.73192771084337
"8fde49e99c964a58b76ef983a1b46060",3.33902107692383,-3.61401434304966,3.59828146523273,2.4287184565881,-1.79168788741887,-3.30726119187052,4.26807228915663
"8fe73e3a0cfc4cbfbffaf5949de79d0d",2.36849953497372,-2.8600460890814,2.46487254610952,2.24693463194713,-3.66545961833345,-1.564630806383,2.26807228915663
"916bdf47c2e74257bb1fad9812440794",1.00738842386261,-0.304490533525847,0.057465138702117,-1.81788018286769,1.78824408537025,1.37981363806145,0.768072289156627
"91802ae1cb304580af80289886c98576",-0.00927824280406053,-1.47115720019251,0.490798472035451,2.13211981713231,-3.82842258129642,-2.55351969527189,-0.731927710843373
"92627feab61443dfb75ff21d827de1cf",-0.942611576137394,-1.47115720019251,0.757465138702117,-0.534546849534354,-1.62842258129642,0.113146971394782,-0.731927710843373
"92d62e0ff6a04a939de3dc9ec7380bd5",-0.0426115761373937,-1.87115720019251,0.557465138702117,-0.734546849534354,-0.528422581296416,-1.08685302860522,0.268072289156627
"930aab15b5c94556a09ddf19ed3e3979",2.37277303924722,-4.20192643096174,2.21131129254827,2.45776084277334,-3.62842258129642,-4.28685302860522,3.26807228915663
"93b2b88845bb4e59818cb6ab5850a7d9",-0.742611576137394,-2.91560164463696,-1.33142375018677,-0.401213516201021,-0.295089247963083,0.824258082505892,-0.731927710843373
"93b95a73e0884164aa0a6feb102d97ef",1.66915312974496,-2.47115720019251,0.792759256349176,-0.0286644965931773,0.136283301056525,-2.40450008742875,2.26807228915663
"9432a3c28c64465ca4d98122cdb3f581",-0.885468718994537,0.671699942664629,0.271750852987831,-0.734546849534354,0.514434561560727,0.284575542823353,-0.731927710843373
"9442cad16a544abf8650d2d0801f7ba4",1.45738842386261,-2.07115720019251,0.457465138702117,-0.0845468495343535,-0.478422581296416,-0.336853028605218,2.26807228915663
"9472f4a84c1341d9bbdcacf7e7ec8bfb",-0.942611576137394,-0.0211572001925138,0.107465138702117,-1.43454684953435,1.47157741870358,-0.336853028605218,-0.731927710843373
"949d85372f3d471e8d0f23b3d66fcf79",-0.896457729983548,0.68268895365364,-1.51945793822096,-1.5807006956882,1.83311588024205,1.71314697139478,-0.731927710843373
"95d6a0c6c85a43c2800b3eb974035df4",0.632388423862606,-0.846157200192514,0.599131805368784,-0.0678801828676869,0.663244085370251,-0.870186361938551,0.768072289156627
"95e2ebadbdf943c1a3cef88af6c8bb2f",-0.171183004708823,0.528842799807486,-0.0139634327264542,0.884500769513265,0.133482180608346,0.808385066632876,-0.731927710843373
"965a7ca47f304ad9af5edbc74a607e15",-1.42779676132258,1.80662057758526,-0.794386713149735,-1.64195425694176,2.20491075203692,1.0279617862096,-1.73192771084337
"968ca365c6824bd49dd0b57018283e9a",-2.24261157613739,1.71066098162567,-0.897080315843338,-1.96181957680708,2.32612287324904,0.5313287895766,-2.73192771084337
"97ba2fe879b94e7f94afe7b34ca642ab",0.757388423862606,-1.32115720019251,0.957465138702117,1.06545315046565,-1.22842258129642,-0.886853028605218,0.268072289156627
"983413f9fba44dce8f245e23a9da2b81",-2.85372268724851,0.0843983553630414,-2.22031263907566,-3.06788018286769,3.70491075203692,1.04648030472811,-3.73192771084337
"998c3cfc000a40cfac38ad86cd9e79a4",1.05150607092143,-0.353510141368985,-2.14841721423906,-0.55807626129906,0.253930359880055,0.566088147865369,0.768072289156627
"9a645ce786c14d4e8b283539b3fbea53",2.34510772210822,-1.66413965633286,0.364482682561766,1.82685665923758,0.354033559054462,0.0815680240263603,3.26807228915663
"9a9ebcfa36504588a7ab6e098120aa31",2.25738842386261,0.62186605562144,0.208627929399792,-0.548500337906447,1.7436704419594,1.22477487837153,3.26807228915663
"9b76447ffdcf46799f1e89b0a3672a45",-1.51184234536816,0.836535107499794,-0.134842553605576,-1.19608531107282,2.60234664947281,-0.209929951682142,-1.73192771084337
"9c4d0d0fb8c5492a800af21474178c1d",0.424055090529273,-0.283657200192514,1.68246513870212,2.59878648379898,-2.14925591462975,-1.45351969527189,-0.231927710843373
"9cf74e22058849e59c8939d6aec0676f",-2.90927824280406,1.02884279980749,-1.77586819463122,0.265453150465646,-1.46175591462975,0.546480304728115,-4.23192771084337
"9d0c9f886efc46028cfc32517fcc2e08",1.19488842386261,-1.09615720019251,0.307465138702117,1.17170315046565,-1.40967258129642,-1.16185302860522,1.26807228915663
"9d36db610dbb451bb70066011627335a",-2.29816713169295,1.46217613314082,0.113020694257672,1.44323092824342,0.416021863148028,0.557591415839226,-2.73192771084337
"9d4fde9809c14e23ac9b1ca5908b4e7e",0.790721757195939,-1.83782386685918,0.524131805368784,-0.367880182867688,0.171577418703584,-1.12018636193855,1.26807228915663
"9d85d4019eec4a91b14136e3bb28fb84",0.132388423862606,0.0288427998074861,0.057465138702117,1.14045315046565,-0.00342258129641593,-2.41185302860522,-0.731927710843373
"9dd2846bbbbf4bdc8c495ea9e984df07",1.59072175719594,-0.721157200192514,-0.275868194631216,3.18211981713231,-0.211755914629749,-0.786853028605218,1.76807228915663
"9dd6153567814432bce01bd0a6eb0496",0.170431902123475,-1.05811372193164,0.361812964789073,-1.03889467562131,0.58896872305141,-0.525983463387827,0.268072289156627
"9e00f102020041d29cba5a72824568e2",1.79072175719594,-0.904490533525848,-0.40920152796455,-0.967880182867687,0.771577418703584,-0.153519695271885,2.26807228915663
"9e06adebca484d6ab6aaeb25a3a6ddb6",-0.165688499214317,-0.778849507884821,-1.01945793822096,-0.465316080303585,0.679269726395892,2.67468543293324,0.268072289156627
"9e83aaaa02024ef296b61696507bc61f",0.132388423862606,0.778842799807486,0.057465138702117,-2.48454684953435,1.49657741870358,-2.16185302860522,-0.231927710843373
"9ebfd23fa55841ddaf60fd22a5d8299f",0.146277312751495,0.417731688696375,-0.664757083520105,-0.734546849534354,0.816021863148029,1.60203586028367,0.268072289156627
"9f0930ad5dde4b649b8578332915022c",1.09072175719594,1.19550946647415,-0.275868194631216,1.93211981713231,1.03824408537025,-0.286853028605218,1.26807228915663
"9f443e458e1e4716afbb319dcfec8823",4.05738842386261,-0.0711572001925136,-0.242534861297883,1.26545315046565,-0.828422581296416,0.313146971394781,4.26807228915663
"9fbb3af1880949ff9d8b53185a2b38aa",1.38238842386261,-0.0961572001925139,-0.442534861297883,-2.35954684953435,2.12157741870358,0.963146971394782,2.26807228915663
"a04a83efb56b40cd9167d226cf3c6e8f",-0.642611576137394,1.22884279980749,-0.642534861297883,-1.83454684953435,2.57157741870358,1.11314697139478,0.268072289156627
"a0bb7b982fef437ba2e82ed6eef761e0",-0.032934156782555,-0.535673329224772,0.363916751605343,-0.799062978566612,0.82319032192939,-2.57717560925038,-0.731927710843373
"a1343a78382148e7a461efc32a5b8df5",0.457388423862606,0.528842799807486,1.95746513870212,-0.734546849534354,2.17157741870358,-0.486853028605219,-0.731927710843373
"a136b4217bc04319aca865987376039c",1.98466115113533,-0.743884472919786,1.64837422961121,1.7199986050111,0.553395600521766,1.71314697139478,2.26807228915663
"a1a10d8208b64720b62cd9027b669411",0.802842969317152,-1.6529753820107,0.92110150233848,0.174544059556555,-0.628422581296416,-0.832307574059764,1.26807228915663
"a1b3a46a16494f05853eed29eb37e5d5",0.632388423862606,1.71634279980749,-1.06753486129788,-1.17204684953435,2.87157741870358,1.21314697139478,0.768072289156627
"a23d69205cbf4e9ea1846ef6407d19f2",-0.111032628768973,0.107790168228538,0.399570401860012,-0.260862639008038,0.0294721555456894,-0.576326712815745,0.268072289156627
"a310ca8b45dd4ac69a5c1621cc1d9a83",-2.94261157613739,2.72884279980749,-0.642534861297883,-0.134546849534354,3.77157741870358,0.513146971394781,-2.73192771084337
"a33244c971984599b1732edf28d75c71",2.41294397941816,-1.58226831130362,1.46857624981323,1.24323092824342,-3.02842258129642,0.179813638061448,3.26807228915663
"a34befaa56b2479a8f8a6e8e60fc017f",3.41123457770876,-2.8557725848079,1.24977283100981,1.34237622738872,-0.936114888988723,-2.05608379783599,3.76807228915663
"a3e1106ee30246ba85ab2d311e9ad512",0.174055090529273,-0.221157200192514,0.057465138702117,0.293230928243424,-0.100644803518638,-0.509075250827441,0.268072289156627
"a42e4f7d7ba140e0a62c8666ea109322",0.757388423862606,0.362176133140819,1.30746513870212,1.34878648379898,-0.0450892479630829,-0.0368530286052184,1.26807228915663
"a42f9023486a4ca09f4ae1df03f2ca87",-0.456897290423108,0.100271371236057,0.914607995844974,1.33688172189422,-1.48556543843927,0.64171839996621,-0.731927710843373
"a46ba3b323b34f4e89a830a456346cd5",-0.367611576137394,-0.179490533525847,-0.48420152796455,0.0571198171323131,-0.878422581296416,0.504813638061449,-0.731927710843373
"a485d57811184c3bb96c4e440b33cf1a",0.424055090529273,-2.97115720019251,1.39079847203545,-2.23454684953435,1.20491075203692,-2.62018636193855,0.768072289156627
"a4c331623b3b4536bef179cbf36c24b5",-1.11761157613739,1.40384279980749,0.682465138702117,0.265453150465646,1.37157741870358,-0.161853028605218,-1.73192771084337
"a4fc6957fe7842968b11bb08e8417947",-1.15437628201975,-0.0593924943101607,0.145700432819764,0.265453150465646,0.31275388929182,0.0660881478653694,-1.73192771084337
"a557cfd6599d4b10a59934763c140ebc",-3.01533884886467,2.3470246179893,-2.16980758857061,1.81090769592019,-0.355695308569143,1.71314697139478,-2.73192771084337
"a5a5ee9d724c4c14826e1094f121a6ca",-0.171183004708823,0.957414228378915,-0.728249147012169,1.97973886475136,-2.48556543843927,0.856004114251925,-0.731927710843373
"a5d992ae2cf04e8eb82e42161c022c45",-1.5661409879021,1.70531338804278,-0.913123096592001,-0.616899790710825,2.25393035988006,0.242558736100664,-1.73192771084337
"a5f7f12f53114f06a6095325ab450976",-1.19715703068285,-0.198429927465241,-0.260716679479701,-0.370910485897991,-0.537513490387325,-0.286853028605218,-2.73192771084337
"a69ea3d9bfc74f60ae7140e8428c04ce",0.146277312751495,0.417731688696375,0.946354027591006,0.154342039354535,1.20491075203692,0.157591415839226,0.268072289156627
"a6edb79e08324d03bd4e9a84c634394c",0.757388423862606,1.69550946647415,-2.94253486129788,-1.56788018286769,-3.29508924796308,-1.28685302860522,1.26807228915663
"a7861bb8143a4407a19d43011b9fb104",2.65738842386261,-0.871157200192514,2.15746513870212,1.26545315046565,-0.828422581296416,0.313146971394781,3.26807228915663
"a79a58632a97404392d3c8b39eafd558",-0.90927824280406,0.306620577585264,-0.220312639075661,-0.845657960645465,1.03824408537025,1.32425808250589,-0.731927710843373
"a7ba1568066643588d8131706c467408",-0.197157030682848,1.89247916344385,-0.0788984976615197,-1.18909230407981,0.0988501459763116,-0.832307574059764,-0.731927710843373
"a95e564426f546ca8ab30cb2b6178e3e",-3.33910280420757,3.47621122086012,-2.3021839841049,1.86194437853582,-0.365264686559573,0.678059252096536,-3.73192771084337
"a99f9ee448fe4767ac268a59f8ac0b29",-1.94261157613739,2.12884279980749,-1.64253486129788,1.66545315046565,-1.42842258129642,2.11314697139478,-1.73192771084337
"aa27257e527d43b8a82c6582281a8089",-0.225370196827049,0.494360041186797,0.488499621460738,-1.59661581505159,1.09571534973807,-0.0109909596397015,0.268072289156627
"aa4c3c51a2ca4a54a6150aff47a9c8d3",-0.651702485228303,-0.198429927465241,-0.624353043116065,1.08363496864746,-0.446604399478234,0.985874244122054,-0.731927710843373
"aa5db70a1bf8405fbf74af8b0b0a0005",0.507388423862606,0.153842799807486,0.557465138702117,0.640453150465646,-1.62842258129642,0.838146971394782,-0.231927710843373
"aa7595af204341169b84b00488377aab",-1.94261157613739,1.06217613314082,-1.17586819463122,-2.46788018286769,2.10491075203692,0.513146971394781,-1.73192771084337
"aaa8c9f62814498a9095f1febe6bd3fb",-1.24261157613739,-0.7568714859068,-1.29967771844074,-1.44883256382007,0.228720275846441,0.998861257109067,-0.731927710843373
"aacf1162268a46b9a04f305a16adb843",-1.68997999719003,0.844632273491697,-1.02148222971894,-2.23454684953435,1.55578794501937,1.1868311819211,-1.73192771084337
"ab2ccd1d57344c4c824e0357578fed89",1.54310270957689,1.10027137123606,1.41460799584497,1.69402457903707,-2.48556543843927,-0.429710171462362,2.26807228915663
"ab714f576b28416dbdb0477eba4b68bd",-0.934919268445086,0.528842799807486,0.48054206177904,0.611606996619492,-0.859191812065647,0.020839279087089,-1.23192771084337
"abe2eb622f8c40e98c0029367cbb141d",-3.34261157613739,2.72884279980749,-2.04253486129788,-3.53454684953435,3.97157741870358,2.71314697139478,-3.73192771084337
"abe9365395974574853a34e521d6fc46",-1.26344490947073,0.258009466474153,-0.838368194631216,-1.77621351620102,-0.024255914629749,1.46314697139478,-1.23192771084337
"ac34cdcd41dd4d6aaf361c70422e1a13",-2.74261157613739,1.52884279980749,-1.00503486129788,2.89045315046565,-0.753422581296416,2.02564697139478,-2.73192771084337
"acb62000f4994f07b0e3cca523551f27",-0.213199811431512,2.9994310351016,-2.26606427306259,-1.14631155541671,1.60687153635064,2.94844108904184,0.268072289156627
"ada6cdeaf11748018d50da65e5948e04",4.85738842386261,0.528842799807486,-0.242534861297883,0.665453150465646,-0.0284225812964163,0.313146971394781,5.26807228915663
"adf53dce598a408098d385b07c65e4c7",-0.62192192096498,0.0116014204971409,-0.28736244750478,0.489591081500129,-1.33531913302055,-0.0627150975707353,-0.731927710843373
"ae6d821b376a49d6995c3b2c8a924b9e",-2.31404014756597,3.10027137123606,-1.58539200415503,-1.8774039923915,0.371577418703584,2.57028982853764,-1.73192771084337
"ae6fb3b040cd4f4c91f3ec6efed31aa5",-0.742611576137394,1.06730433826902,-0.442534861297883,-0.119162234149739,-3.24380719668103,-0.825314567066757,-1.73192771084337
"ae988fe8e090440cac4f247991b0a41b",-1.74261157613739,1.92884279980749,-1.84253486129788,-4.53454684953435,3.37157741870358,1.91314697139478,-1.73192771084337
"ae9c2e38658346f89eab81184bf39620",-1.74261157613739,1.80157007253476,-1.98798940675243,-0.2800013949889,0.189759236885402,1.89496515321296,-1.73192771084337
"aeb20081034f43088700455ac12432cb",1.25738842386261,-1.21028763497512,0.927030356093422,0.00458358524825453,0.871577418703584,-2.17815737643131,2.26807228915663
"b06ddc52155249d9b83ceea878177f0e",0.937943979418161,-1.05449053352585,0.182465138702117,0.946008706021201,-1.0173114701853,-1.34240858416077,1.26807228915663
"b12a994ca6f6498c9231c8f2c79b4428",1.99268254150966,-2.41233367078075,1.70452396223153,1.26545315046565,-0.569599051884651,-0.816264793311101,2.26807228915663
"b12e36acd3964f438f9f946fbe2e5849",-0.0283258618516795,1.10027137123606,-1.01396343272645,-2.30597542096293,4.0858631329893,1.85600411425192,-1.73192771084337
"b163d12633214c5ebc4512b5fcf2c9d8",-0.781073114598932,-0.0480802771155906,0.519003600240579,0.0731454581579536,-1.20534565821949,-0.0176222593744493,-1.73192771084337
"b1e0b99c519c4f368e97a1efd04ab373",1.20976937624356,-1.04258577162109,1.03365561489259,2.55116743617993,-1.34270829558213,0.3321945904424,2.26807228915663
"b1ed27cb26594cfb9285870f01e0b50f",0.780115696589879,-0.107520836556151,0.375646956883935,-0.143637758625263,0.0761228732490382,-0.286853028605218,1.26807228915663
"b21644163b0f4976bd7b90e285d39192",-0.492611576137394,0.903842799807486,-1.81753486129788,-0.734546849534354,1.87157741870358,1.58814697139478,-0.231927710843373
"b23a311f78a44b92bec8a205831b3d6e",-0.0607933943192123,0.347024617989304,0.330192411429389,-0.689092304079808,0.91703196415813,1.44041969866751,-0.731927710843373
"b251a67e29424e828bed22215db7ba6b",-1.81404014756597,0.7431285140932,-0.656820575583597,-1.09168970667721,0.228720275846441,0.927432685680496,-2.73192771084337
"b29a5a38a88642e68eb2a5907628d0f7",-3.74261157613739,2.12884279980749,-2.44253486129788,-4.13454684953435,3.57157741870358,1.71314697139478,-3.73192771084337
"b2a3a2b3408e4a1e999f0acc46ac8da3",-3.14261157613739,2.12884279980749,0.257465138702117,0.565453150465646,4.77157741870358,1.51314697139478,-3.73192771084337
"b2f4516523af4b4bb6d96ffafd79ab21",3.25738842386261,-1.19842992746524,1.37564695688394,1.53818042319292,-1.90114985402369,0.5313287895766,3.26807228915663
"b32a31823e3f451f8ad33a102c50dd77",-1.65565505439826,0.572321060677051,0.427030356093422,0.96110532437869,0.415055679573149,-1.76511389817044,-1.73192771084337
"b33f02760c5d4942b4802774dd1f4d99",1.39375206022624,-0.925702654737968,1.60291968415666,0.810907695920192,-0.58296803584187,-2.55958030133249,1.26807228915663
"b35984565f1f4db2b45da3b97c9a6a91",-1.74261157613739,2.41773168869638,-1.66475708352011,-3.95676907175658,1.70491075203692,-1.73129747304966,-1.73192771084337
"b3dad45691144596a8fb0df906464fd0",0.0907217571959391,0.362176133140819,1.05746513870212,1.09878648379898,-0.961755914629749,-1.45351969527189,0.268072289156627
"b41a40fda66849adb8320d589bec7f68",2.65738842386261,-2.47115720019251,1.95746513870212,1.26545315046565,-0.228422581296416,-1.68685302860522,3.26807228915663
"b447841e982a45b5b2cfd59a274005a3",2.04526721174139,-1.38024810928342,0.527162108399087,0.568483453495949,-0.658725611599446,-1.01412575587795,2.26807228915663
"b4d07a753847488c9c576d356c586c0a",0.257388423862606,-0.932695661730976,0.942080523317502,0.342376227388723,-0.628422581296416,-0.74839149014368,-0.731927710843373
"b5932be0c29641fbba05fca037208621",0.590721757195939,-2.13782386685918,-1.27586819463122,-0.0678801828676869,-0.628422581296416,1.71314697139478,1.26807228915663
"b5c4e5f0660d4857a1027bcaf9eddad8",-1.00927824280406,-0.471157200192514,-0.842534861297883,-2.33454684953435,2.57157741870358,-0.553519695271885,-0.731927710843373
"b62106e03ed44a9692f55422fcbb6d1d",-0.742611576137394,0.528842799807486,-0.380034861297883,-1.10954684953435,1.93407741870358,0.838146971394782,-0.731927710843373
"b7948ba0ff9149b583ec6fab81c07d67",-1.91652461961565,1.39840801719879,-1.65992616564571,-1.2997642408387,1.58896872305141,2.45227740617739,-1.73192771084337
"b7b47e8693e545c3a94366a5d6c2b4e1",-1.28427824280406,-0.950323866859181,0.286631805368784,-0.526213516201021,0.038244085370251,1.46314697139478,-1.73192771084337
"b7c2fa29f36e48888b8e06e079f28cda",-0.0926115761373936,-3.12115720019251,-0.592534861297883,3.11545315046565,-4.10342258129642,0.563146971394781,0.268072289156627
"b7c789e9ea1941f4a9cd45e2faefba6d",0.257388423862606,0.128842799807486,-0.642534861297883,-0.734546849534354,3.37157741870358,0.913146971394782,0.268072289156627
"b805a45a490b485ab713915a6db27462",0.524055090529273,-2.80449053352585,1.35746513870212,1.79878648379898,-2.89508924796308,-1.62018636193855,0.268072289156627
"b8c0744e1e5e4c018850723a6a82b840",-1.9553775335842,1.01820450193515,-1.74040720172342,2.96758081004011,-0.394380028104926,1.52165760969265,-1.73192771084337
"b8c312c3f6b24b27aa2407f401caa470",-1.24261157613739,1.77884279980749,-1.19253486129788,0.390453150465646,0.621577418703584,2.21314697139478,-1.23192771084337
"b9391caef85a4a8fb4c697de0cafb30a",1.42661919309338,-2.64038796942328,0.726695907932887,2.09622238123488,-2.02842258129642,-0.471468413220603,2.26807228915663
"b9f56050f5ee4a6697f6a4f4bc6460d6",-1.94261157613739,1.92884279980749,-1.84253486129788,-1.53454684953435,2.57157741870358,0.713146971394782,-1.73192771084337
"bacc006263bd44399ef51163a1d0ff8c",-1.59975443328025,1.38598565695034,0.128893710130688,-0.163118278105783,0.228720275846441,1.71314697139478,-1.73192771084337
"badcb9bad4504824ade6e81f9ad52890",-0.829568097876524,0.0940601911118337,-0.572969643906579,-1.69106858866479,1.41505567957315,-0.852070419909566,-0.731927710843373
"bbc94ddb88354b21ab7d4c51f94d6bf4",1.45738842386261,0.528842799807486,0.557465138702117,1.36545315046565,0.871577418703584,1.21314697139478,1.76807228915663
"bbce579abf6a4691b10a84df17fbdb8d",2.25738842386261,-0.137823866859181,-1.27586819463122,0.0987864837989791,1.20491075203692,1.54648030472811,3.26807228915663
"bbf5f9dfe8904bb5beed59d46f432e61",1.88238842386261,0.070509466474153,0.76579847203545,1.18211981713231,-0.753422581296416,0.754813638061449,2.26807228915663
"bcd3a16cfa1b48d78e1dbda4aba120f3",1.98466115113533,-0.152975382010696,0.92110150233848,0.992725877738374,-0.673877126750961,-0.423216664968855,2.26807228915663
"bce9dd8ce7d842c897646fbf0423532c",0.457388423862606,1.72884279980749,0.757465138702117,0.665453150465646,3.17157741870358,1.31314697139478,0.268072289156627
"bd2b768cd54a4d47a56fc4edf0d2d4f3",0.0533067912095451,-0.0834020981516979,-0.0547797592570669,-0.693730523003742,1.16749578605052,0.14171839996621,0.268072289156627
"bdc188081917468c80a52b84803ac83f",0.257388423862606,0.572321060677051,-0.312100078689188,-0.517155545186528,1.15418611435576,-0.286853028605218,0.268072289156627
"bdf44d889bb1416b8ba02fdae0b63aad",2.25738842386261,-1.47115720019251,0.057465138702117,-0.734546849534354,0.204910752036917,-1.62018636193855,2.26807228915663
"be5b99eaa2ba44589cc2d36cad451e0a",2.61032960033319,-3.23586308254546,3.14570043281976,2.177217856348,-1.6578343460023,-4.52214714625228,3.26807228915663
"bec1d6a6f92b430facd7d1fcec0390f8",1.42405509052927,-1.05449053352585,0.64079847203545,1.41128648379898,-0.670089247963082,-0.495186361938551,1.26807228915663
"bfba3874b9124b0094b35487b4074bed",-0.456897290423108,1.52884279980749,-0.29967771844074,-0.591689706677211,2.0858631329893,-0.286853028605218,-1.73192771084337
"c00998c3670f438bbeb6f6bfa17802b0",2.00738842386261,-0.637823866859181,-0.525868194631216,-1.23454684953435,0.704910752036917,-0.953519695271885,2.26807228915663
"c0719179010d4644b76a1692a7cbe68f",-1.01533884886467,-0.652975382010696,0.284737865974845,-0.370910485897991,-0.628422581296416,-0.377762119514309,-1.73192771084337
"c0bdea6616904f38be2c420868ccacf2",-0.442611576137394,0.828842799807486,0.107465138702117,0.715453150465646,-0.528422581296416,0.0131469713947814,-0.731927710843373
"c1857db2c934440fbb00152459fbd059",1.05738842386261,0.728842799807486,0.357465138702117,1.16545315046565,-1.02842258129642,-1.18685302860522,1.26807228915663
"c18a830c213543b7916adfdfb174861b",-0.409278242804061,1.36217613314082,1.72413180536878,0.932119817132313,1.70491075203692,0.0464803047281146,-0.231927710843373
"c22ed1259c724ffab096e15f02c6ce52",1.75738842386261,-0.571157200192514,1.25746513870212,-0.784546849534354,1.22157741870358,0.0631469713947812,2.26807228915663
"c2a3f6eb6e814a97a0c80f1290e20d64",-1.54261157613739,1.32884279980749,-1.04253486129788,-0.534546849534354,1.57157741870358,0.713146971394782,-1.73192771084337
"c2c40a6cfff24ec48075f86ca6b737a7",1.46193387840806,-1.47115720019251,1.05746513870212,0.447271332283828,-0.310240763114598,-0.900489392241582,1.26807228915663
"c2e4e53afab340dd9bb2d733d541dbc8",-0.964833798359616,0.417731688696375,0.557465138702117,1.26545315046565,-2.5173114701853,-0.175741917494108,-1.73192771084337
"c33c980d3b8d4e649938b71c732913de",-4.11761157613739,2.90384279980749,-0.692534861297883,-0.609546849534354,2.62157741870358,2.21314697139478,-4.23192771084337
"c41d6c2e601242d880005f6a2784d7a6",-1.90927824280406,2.52884279980749,-3.60920152796455,1.26545315046565,2.37157741870358,2.87981363806145,-3.23192771084337
"c46210dcc7144e7c972aa9abeec21017",1.09738842386261,-0.511157200192514,0.437465138702117,-0.454546849534354,1.45157741870358,-1.92685302860522,1.26807228915663
"c578f39e95754883b99116d1629b22d6",-1.91502536924084,0.459877282566107,-0.959776240608228,-1.76902960815504,2.57847397042772,1.05797455760168,-1.73192771084337
"c5d93ec505854ecd81aa1f4defe76692",-0.117611576137394,1.27884279980749,0.182465138702117,-0.109546849534354,0.496577418703584,2.33814697139478,-1.23192771084337
"c61ef9497f01448793b931aed0bf5eda",1.18595985243403,0.0645570855217716,-0.0139634327264542,-0.663118278105783,-0.556994009867845,-0.60828160003379,1.76807228915663
"c62ce6edb32d45dab5b63e50dc978fe7",0.319888423862606,-0.971157200192514,0.744965138702117,-0.0782968495343539,-0.565922581296416,-4.25560302860522,0.268072289156627
"c63de2f409e54f79860a7e0427622b50",-1.31836915189497,-0.0469147759500901,-0.0182924370554591,-0.31030442529193,-0.416301369175204,-0.589883331635521,-0.731927710843373
"c6d501b0f95548dc82896583f125e862",-1.64261157613739,1.82884279980749,0.357465138702117,-1.23454684953435,0.421577418703584,1.21314697139478,-2.23192771084337
"c704732b7a11430b896bfec59f6ed6f1",2.37059597103242,0.792993743203713,0.0857670254945697,0.60507579197508,-2.68502635488132,-0.324588877661823,3.26807228915663
"c734f8f20e7a441387f00fed65010902",3.05738842386261,-0.671157200192514,2.15746513870212,1.46545315046565,-0.628422581296416,0.513146971394781,3.26807228915663
"c7405e675d1c43c8ae720d27daf63b11",-1.60624793977376,0.801570072534759,-1.12435304311606,-2.62091048589799,2.46248650961267,0.463146971394782,-1.73192771084337
"c8201cb4703948559aaa73ce23cb5a03",-1.21629578666371,0.844632273491697,-1.60042959813999,-0.576652112692249,0.213682681861479,0.555252234552676,-1.73192771084337
"c89adf6b61274d9ea0461e2accc7b8cf",0.473604640078822,-0.200886929922244,1.26016784140482,2.53572342073592,-2.65544960832344,-0.340907082659273,1.26807228915663
"c8a077989b9a4d8fbce9df96e1c2f2a0",1.86344902992321,-2.62267235170767,0.739283320520299,-0.0375771525646567,-1.56781652069036,-3.07473181648401,2.26807228915663
"c8baf777ebae4f94bdcaa6b6d418f33e",-0.542611576137394,1.52884279980749,-0.242534861297883,-2.93454684953435,2.37157741870358,1.91314697139478,-1.73192771084337
"c8f6f2832f2c4417bfc93be9f2de2071",-2.24261157613739,0.328842799807486,-3.00920152796455,0.865453150465646,-2.32842258129642,2.97981363806145,-2.23192771084337
"c9e83b77eaec4e67b4a518f03e1ef4bd",-1.20927824280406,1.46217613314082,-0.975868194631216,-1.73454684953435,2.83824408537025,1.11314697139478,-1.73192771084337
"c9ec3c2e79494f1db488a5521357094f",-0.303587185893491,2.08981840956358,-0.881559251541785,2.14350193095345,-4.48208111788178,1.59119575188259,0.268072289156627
"caad7cf6263d46d082561a3f68789a17",-0.264350706572176,0.963625408503138,-0.442534861297883,-0.343242501708267,1.71940350566011,0.756625232264347,-0.731927710843373
"cac88435dee34e7dbd9e1b8574964136",0.769583545813825,-2.34920598068032,2.19161148016553,1.58252632119735,1.29840668699627,0.00582989822405011,0.268072289156627
"cb4324e80d2b4eeb8df77ef1660719d1",4.50738842386261,-5.22115720019251,4.05746513870212,3.39045315046565,-4.25342258129642,-4.28685302860522,4.26807228915663
"cc039263205f4c14b07232cb43b19520",-0.942611576137394,-0.271157200192514,-0.442534861297883,1.06545315046565,-1.82842258129642,-0.886853028605218,-0.731927710843373
"cc1ae735154f465c834d836096b51f8c",-0.518121780219027,1.16149586103198,0.00644473053885175,-0.795771339330273,1.14708762278522,0.590697991802945,-0.731927710843373
"cc227558ff7f436fbf9fb3a27d5c214b",2.51320237735098,-0.866506037401816,2.13886048753933,1.21894152255867,-1.51214351152897,-1.24034140069824,2.26807228915663
"cc2675bfff78479abfa1ba5564408061",2.02054631859945,-3.33957825282409,2.66272829659685,2.29176893993933,-3.33894889708589,-3.6552740812368,2.26807228915663
"cc7fd040da754a50b9c2aa9c029a596e",-0.0540869859734592,-1.25804244609415,1.31156349935786,-0.570612423304846,-0.136619302607891,-4.41800056958883,0.268072289156627
"ccaf387856ae44bab47b989b569da584",4.45738842386261,-4.47115720019251,2.35746513870212,1.46545315046565,-1.42842258129642,-1.68685302860522,4.26807228915663
"ccd5b321522740c8985f6f7fc089801e",2.06384003676583,0.238520219162325,1.2026264290247,0.200937021433388,0.855448386445519,-0.125562706024573,2.26807228915663
"cce6ed53858e48daacd41ff36058e3ff",-2.14261157613739,0.128842799807486,-1.24253486129788,-2.53454684953435,1.17157741870358,0.713146971394782,-1.73192771084337
"cd40f4788b1e463ab93830c1b6cf0028",-0.742611576137394,-0.471157200192514,-1.06753486129788,-2.23454684953435,1.49657741870358,0.0881469713947816,-1.23192771084337
"cdf77596c39c4342b5ba3658c1f972d7",0.590721757195939,-0.137823866859181,0.89079847203545,1.76545315046565,0.204910752036917,0.213146971394782,0.268072289156627
"ce6adb5957494d6182073762933256f2",-3.42779676132258,1.51032428128897,-2.20179412055714,-2.64195425694176,1.61231815944432,1.60203586028367,-3.73192771084337
"ce86636f2df74bc190f85753147d39d5",-0.555111576137394,0.528842799807486,0.057465138702117,2.07795315046565,-1.94092258129642,0.650646971394782,-0.731927710843373
"cea1a84bfd5a42cabadf8eb89a4c2662",0.424055090529273,-0.554490533525847,2.39079847203545,1.01545315046565,0.454910752036917,-0.953519695271885,0.268072289156627
"cef411b582ba4cfa86b14dcfa10200ae",-1.28806612159194,1.16520643617112,-0.715262134025156,-2.91636503135254,1.82612287324904,0.349510607758418,-1.73192771084337
"cfa21d9856f84236900fecfa9a208e22",-1.96483379835962,1.86217613314082,-1.22031263907566,-2.29010240508991,3.26046630759247,2.04648030472812,-1.73192771084337
"cfbda040d71e4f9fa7daebec60d5cbae",0.479610646084828,1.52884279980749,-1.10920152796455,-0.0678801828676869,-0.406200359074194,0.490924749172559,0.268072289156627
"d0499116c1e045529a4efb8fff76e0d8",-2.72038935391517,1.01773168869637,-1.06475708352011,-0.356769071756576,-1.49508924796308,0.935369193617004,-2.73192771084337
"d0db380a464a47e198079e9a469d96a4",2.65738842386261,-0.0711572001925136,0.757465138702117,1.66545315046565,-1.22842258129642,2.11314697139478,2.26807228915663
"d14f15cb45524cc7bb4b2cfd90397770",-3.04261157613739,1.22884279980749,-1.14253486129788,-2.03454684953435,1.17157741870358,1.31314697139478,-3.23192771084337
"d158c58406654fdda89084d7288c50ef",0.0351662016403838,0.973287244251931,-0.220312639075661,-0.623435738423243,2.48268852981469,0.490924749172559,0.268072289156627
"d1be949064754b68b250d1b8d9607684",0.157388423862606,-0.387823866859181,-0.975868194631216,0.0321198171323127,1.40491075203692,1.07981363806145,-0.731927710843373
"d1f208b415a44fd3a4a64bcf54d10cfd",0.777388423862606,-2.45115720019251,2.41746513870212,1.58545315046565,-2.54842258129642,0.693146971394782,1.26807228915663
"d22ebd6de5154b07a83c2aaa48b483d1",0.676743262572283,0.0127137675494211,-0.53930905484627,-1.34745007534081,0.984480644510036,0.551856648814137,0.268072289156627
"d24451718e0e4a8eacb917f9ffc1cdee",-3.24261157613739,0.195509466474153,-2.10920152796455,-2.73454684953435,0.038244085370251,1.21314697139478,-3.23192771084337
"d2a1da83a6284c8f95a259505630696c",-0.675944909470727,-0.237823866859181,0.0907984720354502,1.99878648379898,-0.795089247963082,-1.88685302860522,-0.731927710843373
"d35cfd13b7e14838b9d4a93030b32626",-1.57594490947073,1.52884279980749,-1.72031263907566,-1.73454684953435,0.0937996409258064,1.10203586028367,-1.73192771084337
"d3add6aeec8a4f72abd2e110f278d1a2",-2.28107311459893,-0.548080277115591,-0.827150245913268,0.957760842773339,-2.16688411975795,0.713146971394782,-1.73192771084337
"d43613d731104cd89e8d3ca913b8efcc",3.25738842386261,-2.47115720019251,-1.33142375018677,2.04323092824342,-0.739533692407527,1.26870252695034,3.26807228915663
"d4464abc7cd44d869ceb196344a1f299",-1.07594490947073,0.362176133140819,0.224131805368784,-0.734546849534354,1.20491075203692,0.213146971394782,-0.731927710843373
"d46b18038ae2425dac2e6c05810127fe",-0.875944909470727,0.995509466474153,-0.975868194631216,-0.467880182867687,0.23824408537025,0.446480304728115,-0.731927710843373
"d59f5b52895042f9add00d2ffeb4b894",-0.275944909470727,-1.00449053352585,0.824131805368784,-1.00121351620102,1.30491075203692,0.0464803047281146,0.268072289156627
"d65aeeaa135943f9936dda480304c0e5",0.943102709576892,-0.871157200192514,1.67175085298783,1.35116743617993,-1.22842258129642,-1.20113874289093,1.26807228915663
"d66b17b391244ace8befca7944dbd478",0.0834753803843453,-1.25376589584469,0.470508616962986,-1.03889467562131,1.24114263609489,-0.678157376431305,0.268072289156627
"d6a93c40496347d3a67a169b84cd4c97",-1.01533884886467,-0.834793563828877,1.01201059324757,0.447271332283828,0.462486509612675,-0.195943937696128,-0.731927710843373
"d6d49baf9fc74180a9b2861ba03e5b0f",1.42719974461732,2.09488053565654,-0.989704672618638,1.7748871127298,-0.66615843035302,1.75088282045139,2.26807228915663
"d7158cbe5ea449778fe4423fc6be5504",-1.24261157613739,2.69550946647415,-1.60920152796455,-0.567880182867687,1.70491075203692,1.87981363806145,-1.73192771084337
"d767ea5ac47348e0980e25423fcd0295",-1.30782896744174,0.615799321546617,0.16616079087603,-1.21280771909957,-0.237118233470329,-0.939026941648697,-1.73192771084337
"d82f844672f9414eaca2495bf64287f2",1.41528316070471,-0.786946673876725,0.241675665017906,0.528611045202489,-0.944212054980627,-2.91843197597364,2.26807228915663
"d84fd6e690dd4fd1bb06f76bd82dfafb",-0.790230623756441,0.576461847426534,-0.29967771844074,-0.115499230486735,1.13348218060835,-0.477329219081409,-1.73192771084337
"d8bfe2744a024eaa997cf7bd798156c6",-0.464833798359616,0.639953910918597,0.057465138702117,0.0987864837989791,1.09379964092581,0.379813638061449,-0.231927710843373
"d95c3ba4160e4408a0988bf22e6f58b8",-0.361659195185013,-0.542585771621085,0.295560376797355,0.955929340941837,-1.46175591462975,-1.35828160003379,-0.231927710843373
"da295bca71e04c7ba6908718b3dfb35b",-1.29816713169295,0.917731688696375,-0.331423750186772,1.3210087060212,-1.68397813685197,0.713146971394782,-1.73192771084337
"da8ef28fcab5456fb10548764b6defe8",0.530115696589879,0.98338825435294,-0.169807588570611,-1.00727412226163,1.82612287324904,-0.559580301332491,1.26807228915663
"dae7802acc334a2586c0d5425272a44c",0.590721757195939,-1.63782386685918,-0.775868194631216,1.09878648379898,-1.79508924796308,-1.78685302860522,-0.231927710843373
"db08b268a5204f13a3b2102378b49800",3.55738842386261,-1.52115720019251,2.10746513870212,2.41545315046565,0.271577418703584,-0.286853028605218,3.76807228915663
"db7f373347714c1e950264d927236154",0.180465346939529,-0.855772584807899,0.403618984855963,1.65006853508103,-0.936114888988723,-0.440699182451373,0.268072289156627
"dc095f9c6a864deb82d2998575513274",-0.557426390952209,0.565879836844523,-1.22031263907566,-1.06788018286769,1.03824408537025,0.0835173417651518,-0.731927710843373
"dc62854deec04c81aa7d05b6a3601cb0",-0.0226115761373942,-0.811157200192514,1.03746513870212,0.305453150465646,0.251577418703584,-1.66685302860522,-0.731927710843373
"dc9e00cf036b420a9adad3f63236fe44",1.59072175719594,-2.97115720019251,1.72413180536878,1.59878648379898,-2.62842258129642,-0.953519695271885,2.26807228915663
"dcf5fe631c954647849979733c04159c",1.00738842386261,-1.92949053352585,0.849131805368784,0.807119817132313,-1.87842258129642,-1.03685302860522,0.268072289156627
"dd2d0d1cde234e6e8355b83d90309dfd",-2.6121767935287,1.39840801719879,-0.964273991732666,-1.51715554518653,1.06722959261663,0.278364362699129,-2.73192771084337
"dd5ce68d8eda4dcaaedb422b406ae9b5",0.257388423862606,1.32884279980749,-1.24253486129788,-0.734546849534354,-0.428422581296416,0.113146971394782,0.268072289156627
"ddabad9a23e9416c8d9c2c92dc277f33",1.92405509052927,1.52884279980749,-0.331423750186772,-0.512324627312132,1.48268852981469,1.26870252695034,2.26807228915663
"ddb5d8e85f3845c9865dcc69b90d68dc",-1.54261157613739,0.228842799807486,-0.842534861297883,-0.934546849534354,0.671577418703584,-0.586853028605218,-1.73192771084337
"de511d0005ed4dc4999e5af7a887097c",0.368499534973717,-0.498934977970292,0.057465138702117,0.848786483798979,-0.0728670257408606,0.407591415839226,0.268072289156627
"dfd23e5c503543cb9349cac436f95d67",-0.1942244793632,-0.971157200192514,0.621981267734375,-0.976482333405322,0.758674192897132,-0.383627222153605,-0.731927710843373
"e0efe989488e4a65b02c5efd18f624b6",3.25738842386261,-1.13782386685918,-0.275868194631216,0.682119817132313,-0.461755914629749,1.71314697139478,3.76807228915663
"e1cb3f775ab44b0b973d3e536669488a",-0.992611576137394,0.0288427998074861,-0.567534861297883,-1.60954684953435,1.74657741870358,-0.911853028605218,-0.731927710843373
"e23fa2560cc84ada9f9c5c4f361daf8c",-0.656897290423109,-0.214014343049657,1.8431794244164,0.951167436179932,0.65729170441787,0.94171839996621,-0.731927710843373
"e2830f8a4ee34eb8987e944653955502",0.866084076036519,-0.601591982801209,-0.616447904776144,0.830670541769994,-2.19363997260076,0.756625232264347,0.268072289156627
"e2db03d33af544339570c55af6807b1f",0.257388423862606,0.778842799807486,-1.06753486129788,3.01545315046565,-2.37842258129642,1.33814697139478,0.268072289156627
"e344a13180b245b5a7ef492b408a5c78",-0.000676092266425954,0.657875057872002,-0.119954216136593,0.0719047633688721,0.887706450961649,0.132501810104459,0.268072289156627
"e3559ee341bf4e7c979961a350b9b560",1.15738842386261,-0.871157200192514,0.557465138702117,0.665453150465646,-0.228422581296416,0.513146971394781,1.26807228915663
"e3ca15288723446e8543e1699bdaeea6",-1.94261157613739,2.12884279980749,2.35746513870212,0.0654531504656459,1.17157741870358,1.71314697139478,-1.73192771084337
"e3fdc9fd2e6a4169a47ec47d3287f5be",0.885295400606792,-1.28511068856461,1.81327909219049,1.17242989465169,-1.51214351152897,-0.217085586744753,1.26807228915663
"e53ebc1511d846a994e69e19eff85e8e",1.42405509052927,-1.59615720019251,0.51579847203545,-0.776213516201021,-0.0450892479630829,0.504813638061449,1.26807228915663
"e54809f902394b74bbae4c0c385e60f9",0.470154381309414,-1.1520082640223,1.98299705359573,0.201623363231604,-0.394380028104926,-2.98898068817969,1.26807228915663
"e5e0bcade67843598806c7844436f617",-1.07594490947073,1.52884279980749,-3.27586819463122,-4.56788018286769,1.37157741870358,1.87981363806145,-1.73192771084337
"e6938a3b13e8402fa1b619d0d3ab3e89",-0.885468718994537,1.2431285140932,-0.156820575583597,-0.448832563820068,-0.34270829558213,0.284575542823353,-1.73192771084337
"e6b739ac543c4d2aa31b492a17eb5b86",2.96327077680378,1.1759016233369,-0.854299567180236,2.03015903281859,0.0774597716447607,-3.11038244036992,3.26807228915663
"e70cf610431b468a8cc0b7e9f87cea25",-1.87224120576702,1.10291687388156,-2.49809041685344,-0.808620923608428,0.575281122407287,-0.675741917494108,-1.73192771084337
"e769ba1f49d940b09f3c09959e62327c",1.45738842386261,0.528842799807486,1.15746513870212,1.66545315046565,-3.42842258129642,-1.08685302860522,1.26807228915663
"e7ba60da458a4bd79495589a0d8c892b",-1.11761157613739,1.65384279980749,0.557465138702117,0.265453150465646,0.871577418703584,2.96314697139478,-1.23192771084337
"e82ef80e74c34a069ab7a29bf9088ea8",-1.67118300470882,-0.328300057335371,-1.44253486129788,-0.520261135248639,-0.0569940098678448,0.14171839996621,-1.73192771084337
"e83bcd2c34334a4cb6c8e1140b3c037d",-1.00927824280406,1.12884279980749,1.29079847203545,0.865453150465646,0.638244085370251,0.779813638061448,-0.731927710843373
"e94261538ae945caaf8962d08534e17f",-2.68705602058184,1.19550946647415,-0.998090416853438,-3.29010240508991,0.816021863148029,1.04648030472811,-2.73192771084337
"e99a0ec2a21140a2a4e7bfb2e1c2bd81",-0.919082164372688,0.293548682160427,0.616288668113881,0.324276679877411,0.0186362422329962,1.47785285374772,-0.731927710843373
"ea7a6e74d149462cbacde1ef2dd6bdd4",0.551506070921429,-1.11821602372193,-0.0895936848272951,-0.0874880260049418,0.606871536350643,-1.75744126389934,0.268072289156627
"eaa7ff830b694cef80e35fc6441ee104",-1.34261157613739,-2.07115720019251,-0.442534861297883,1.06545315046565,-2.82842258129642,-1.88685302860522,-1.73192771084337
"eb69e52aad4145329a5d970f7f4501ac",-0.742611576137394,2.02884279980749,-2.10920152796455,1.76545315046565,-1.62842258129642,3.04648030472812,-1.73192771084337
"eba51281d91e417c9ed0699a27cfbdd0",-1.34261157613739,1.72884279980749,0.957465138702117,-0.734546849534354,1.77157741870358,1.11314697139478,-1.73192771084337
"ec1cf5cf6ea842dd9021f942ff3073ac",-0.942611576137394,-0.0711572001925136,1.55746513870212,-0.334546849534354,1.37157741870358,0.313146971394781,-0.731927710843373
"ec1fac018aab45e58f17e103748bc90f",-0.558938106749639,0.100271371236057,-0.0955960857876788,-1.95903664545272,1.65729170441787,-1.08277139595216,-0.731927710843373
"ec27ac8fb2814d58a340c26c04edd7f8",1.50738842386261,-1.77115720019251,0.557465138702117,1.41545315046565,-1.62842258129642,-0.786853028605218,2.26807228915663
"ec2f920f603846339ef98852b4b95828",-0.992611576137394,0.778842799807486,-0.942534861297883,-2.98454684953435,2.74657741870358,0.338146971394782,-0.731927710843373
"ec3df10e2da549fbb8b878d7844a1935",1.31988842386261,-1.22115720019251,0.744965138702117,-0.0470468495343539,-0.815922581296416,-1.22435302860522,1.26807228915663
"ec66ab86f0514e7ba78ecf1742194a74",-1.74261157613739,3.10027137123606,-0.29967771844074,0.551167436179932,-0.0569940098678448,1.85600411425192,-3.73192771084337
"ed695ac08b704471a5ac131b8a0a9224",1.92405509052927,1.41773168869638,1.55746513870212,-0.290102405089909,-0.739533692407527,0.713146971394782,2.26807228915663
"ee1a8594352e48b996a00df8c43751d9",-0.956897290423108,0.600271371236057,0.057465138702117,-0.234546849534354,1.0858631329893,-0.786853028605218,-1.23192771084337
"ee2012e2ebe44c8686be76038c94f3f7",-0.772023340843276,-1.11821602372193,1.70452396223153,-0.146311555416707,1.43040094811535,0.330794030218311,-0.731927710843373
"ee6441d09ac04f4f82644c3df5a441b6",-2.45689729042311,0.957414228378915,-0.585392004155026,-0.448832563820068,1.37157741870358,1.99886125710907,-2.73192771084337
"ee7a53fc048e4cbdbcbf49762b6ca2d3",-0.075944909470727,-0.304490533525847,0.724131805368784,-0.0678801828676869,-1.46175591462975,-2.78685302860522,-0.731927710843373
"ee9a7e112ca14902bd55750fb654b738",1.45738842386261,-4.27115720019251,-0.242534861297883,1.46545315046565,-2.82842258129642,-2.08685302860522,1.26807228915663
"ef8b68458c034850834b29ac6c8109ae",0.757388423862606,-1.47115720019251,-0.775868194631216,-0.567880182867687,-0.961755914629749,0.379813638061449,0.268072289156627
"ef8cfc721324403cb766f39d32413b54",1.41363842386261,-0.377407200192514,0.588715138702117,0.734203150465646,0.152827418703584,-0.599353028605218,2.26807228915663
"f01634bb068641f3a5e44e1059cb190d",0.257388423862606,-0.994966724002038,0.89079847203545,1.69402457903707,-0.533184486058321,0.713146971394782,0.268072289156627
"f07c39b41e0642ee81d1c7a5ac300e51",-0.187056020581839,-1.10078682982214,1.07598365722064,-0.364176479163984,0.112318159444325,-1.65722339897559,0.268072289156627
"f09959a6e1334615bad406baba9468da",-1.35130722831131,1.26797323459009,-0.616447904776144,1.91762706350912,-0.845813885644242,0.843581754003477,-1.73192771084337
"f1602fb29c714f2ca0c3b8d419d09a39",0.906037072511254,-1.17385990289522,0.80070838194536,1.23842612343862,-1.49328744616128,-1.12469086644306,1.26807228915663
"f197db15de7c4df8a6ab944eb65bfafd",-1.74261157613739,0.814557085521772,0.128893710130688,0.265453150465646,1.0858631329893,-2.14399588574808,-1.73192771084337
"f22b478afef04253bbcc97d847691266",1.89375206022624,-2.28933901837433,0.693828775065754,2.03818042319292,-2.49205894493278,-1.62776211951431,2.26807228915663
"f261f6995df84ed59241450de2281c19",1.33675350322769,-0.550522279557593,0.271750852987831,0.154342039354535,-1.81889877177261,0.157591415839226,1.26807228915663
"f2e1d19c6c9247d1b54665b1191f98dc",1.91193387840806,0.637933708898395,0.139283320520299,-0.189092304079808,0.698850145976311,-0.395943937696128,2.26807228915663
"f38fd4f0160e48bdb23163109a210819",2.35738842386261,-3.77115720019251,1.55746513870212,1.06545315046565,-2.52842258129642,-1.88685302860522,2.26807228915663
"f395cb56fd074b62a1acd2a22cd8853d",-1.40927824280406,0.278842799807486,-2.94253486129788,-3.98454684953435,3.28824408537025,0.379813638061449,-1.73192771084337
"f3b3fd14b1fb4ed4a4603a07df3e8d43",-1.28107311459893,0.68268895365364,-1.21176563052865,2.49622238123488,-2.78226873514257,1.94391620216401,-1.73192771084337
"f3fb54b173664d3a9d0f4513464e4469",-2.40927824280406,2.02884279980749,-2.35920152796455,1.34878648379898,-3.37842258129642,1.54648030472811,-2.73192771084337
"f415d39f2b4449a99ccfadd974864d9c",0.368499534973717,1.41773168869638,-0.553645972408994,-2.95676907175658,2.70491075203692,0.157591415839226,0.268072289156627
"f429beb1e9064feab44391f8ab4fc17a",-0.180111576137394,1.02884279980749,-2.00503486129788,-1.04704684953435,-0.628422581296416,0.650646971394782,-0.731927710843373
"f46cf4cc5edf420b9a4e5512f1150977",-0.382611576137394,0.448842799807486,0.117465138702117,1.02545315046565,-1.34842258129642,0.633146971394781,-0.731927710843373
"f4b65110a40443beb06159dac89ffd4c",1.05738842386261,0.328842799807486,1.35746513870212,0.265453150465646,2.97157741870358,0.713146971394782,0.268072289156627
"f5571e20363a4cf39ccd4dc85a29c8ed",0.812943979418161,1.75106502202971,-0.331423750186772,1.37656426157676,1.70491075203692,0.713146971394782,1.26807228915663
"f55f08c4b31a4a22a765d99764666cac",3.43920660568079,-4.92570265473797,2.92110150233848,2.53818042319292,-2.8102407631146,-0.286853028605218,3.26807228915663
"f57e922d7037415e87b4fe5a42c7e00a",1.25738842386261,-1.34615720019251,1.30746513870212,1.39045315046565,-1.25342258129642,-1.16185302860522,1.26807228915663
"f5ca9bfcd414436cba607563a22693fd",-1.80511157613739,1.46634279980749,-1.69253486129788,-2.73454684953435,2.55907741870358,1.46314697139478,-2.73192771084337
"f6573f59f1724b8b887e6e59e5da0cac",-2.67594490947073,1.92884279980749,-2.77586819463122,-1.03454684953435,1.77157741870358,1.31314697139478,-2.73192771084337
"f68fa28a49ec436a8a776b25aef07981",1.92405509052927,-4.80449053352585,2.05746513870212,1.43211981713231,-2.79508924796308,-2.28685302860522,3.26807228915663
"f6a650a638db434ebb2a8289c328444a",-0.651702485228303,1.61975189071658,-0.715262134025156,-0.916365031352536,-1.44660439947823,1.25860151684933,0.268072289156627
"f6c456edf0ab4ba78d6b961fb38d17d2",-1.35551480194385,3.04497183206555,-2.08769615162046,1.42674347304629,-0.370358065167384,2.26153406816898,-1.73192771084337
"f787f728e8c4445fa012c11c06ad3632",-3.14261157613739,0.728842799807486,-0.0425348612978826,1.46545315046565,1.17157741870358,2.11314697139478,-2.73192771084337
"f7e82a06e76648679acb5dee8aa48c61",-3.38546871899454,2.43955708552177,-2.1568205755836,2.60473886475136,-3.14627972415356,1.62386125710907,-3.73192771084337
"f85c791697a94b0bb1cfa7558916a6e4",0.0755702420444244,-1.10752083655615,-0.351625770388792,0.947271332283828,-3.94660439947823,-0.286853028605218,0.268072289156627
"f9e5b1d75d634d899ce6791f81e441e6",-1.63546871899454,1.27884279980749,-1.33539200415503,-3.02026113524864,3.22872027584644,0.570289828537638,-1.73192771084337
"fa540fc485cd4a178e7690877de2f9ee",-3.34261157613739,-0.871157200192514,-1.94253486129788,-2.63454684953435,3.47157741870358,2.11314697139478,-3.23192771084337
"fa893d51f6c8435ca1733f06710ef025",-1.90927824280406,1.69550946647415,-0.442534861297883,-0.651213516201021,1.12157741870358,2.54648030472812,-1.73192771084337
"fb52d226e8a541b394bed76a74313b1a",2.45738842386261,-0.0711572001925136,-0.0425348612978826,0.865453150465646,-2.42842258129642,-0.886853028605218,3.26807228915663
"fb5f8107d9d5419aa4590940c072c537",1.89375206022624,0.165206436171123,0.557465138702117,-0.643637758625263,-1.53751349038733,-0.832307574059764,2.26807228915663
"fc1be7154be14b0eac36199bde10c048",1.05738842386261,0.928842799807486,0.757465138702117,1.26545315046565,0.171577418703584,-1.68685302860522,1.26807228915663
"fc46a0c68cb84fa0924f23f22df6a4de",0.305007471481654,-0.661633390668705,0.763814345051324,-0.0202611352486395,-0.390327343201178,1.06235332060113,0.268072289156627
"fca15705345e4f9091e6c86ac8e40cfa",2.05738842386261,-1.12115720019251,0.857465138702117,1.28211981713231,-2.12842258129642,-2.22018636193855,2.26807228915663
"fca9a507d1ef4be08e69a73395aede43",4.70976937624356,0.981223752188439,-0.0139634327264542,-0.663118278105783,1.0858631329893,-0.643995885748075,5.26807228915663
"fcc6a2e6f5ee4e2a9c9c3a2f0b5dd188",-1.44849392907857,0.999431035101604,-0.560181920121412,-2.14631155541671,2.018636242233,-2.16920596978169,-1.73192771084337
"fe59559ebaa845cc960ae3d190dc5dca",-4.57594490947073,0.695509466474153,-0.10920152796455,-0.567880182867687,-0.961755914629749,-0.620186361938551,-4.73192771084337
"ff650345290e49368d775925c00f12da",1.48815765463184,-1.72115720019251,0.615157446394424,1.32314545815795,-0.878422581296416,-0.786853028605218,2.26807228915663
"ffe8a4fac7524fefba6a65b4ef2f7666",2.40322175719594,-3.01282386685918,0.557465138702117,2.22378648379898,-2.44092258129642,-1.16185302860522,2.26807228915663
